Rank,Name,Team,ByeWeek,Age,Position,PositionRank,AverageDraftPositionPPR
1,Todd Gurley II,LAR,12,28,RB,RB1,1.3
2,Le'Veon Bell,PIT,7,31,RB,RB2,3.1
3,David Johnson,ARI,9,31,RB,RB3,3.3
4,Ezekiel Elliott,DAL,8,28,RB,RB4,4.6
5,Antonio Brown,PIT,7,35,WR,WR1,4.7
6,Alvin Kamara,NO,6,28,RB,RB5,5.7
7,Saquon Barkley,NYG,9,26,RB,RB6,6.9
8,Leonard Fournette,JAX,9,28,RB,RB7,8.8
9,Melvin Gordon III,LAC,8,30,RB,RB8,9.3
10,DeAndre Hopkins,HOU,10,31,WR,WR2,9.5
11,Kareem Hunt,KC,12,27,RB,RB9,11
12,Odell Beckham Jr.,NYG,9,30,WR,WR3,11.5
13,Christian McCaffrey,CAR,4,27,RB,RB10,12.6
14,Julio Jones,ATL,8,34,WR,WR4,14.3
15,Dalvin Cook,MIN,10,27,RB,RB11,15.1
16,Michael Thomas,NO,6,30,WR,WR5,16.2
17,Keenan Allen,LAC,8,31,WR,WR6,17.6
18,Davante Adams,GB,7,30,WR,WR7,18.1
19,Devonta Freeman,ATL,8,31,RB,RB12,19.5
20,Jordan Howard,CHI,5,28,RB,RB13,20
21,A.J. Green,CIN,9,35,WR,WR8,21.3
22,Rob Gronkowski,NE,11,34,TE,TE1,21.5
23,Joe Mixon,CIN,9,27,RB,RB14,22.8
24,Tyreek Hill,KC,12,29,WR,WR9,24
25,Mike Evans,TB,5,29,WR,WR10,25.5
26,Stefon Diggs,MIN,10,29,WR,WR11,25.6
27,T.Y. Hilton,IND,9,33,WR,WR12,27
28,Royce Freeman,DEN,10,27,RB,RB15,27.8
29,Travis Kelce,KC,12,33,TE,TE2,28.2
30,LeSean McCoy,BUF,11,35,RB,RB16,29.8
31,Aaron Rodgers,GB,7,39,QB,QB1,30
32,Alex Collins,BAL,10,28,RB,RB17,30.9
33,Amari Cooper,LV,7,29,WR,WR13,31
34,Kenyan Drake,MIA,11,29,RB,RB18,32
35,Adam Thielen,MIN,10,32,WR,WR14,33.5
36,Larry Fitzgerald,ARI,9,39,WR,WR15,35.2
37,Lamar Miller,HOU,10,32,RB,RB19,36.6
38,Doug Baldwin,SEA,7,34,WR,WR16,38.4
39,Zach Ertz,PHI,9,32,TE,TE3,38.9
40,Jarvis Landry,CLE,11,30,WR,WR17,39
41,JuJu Smith-Schuster,PIT,7,26,WR,WR18,39.4
42,Derrick Henry,TEN,8,29,RB,RB20,41
43,Chris Hogan,NE,11,35,WR,WR19,42.1
44,Jay Ajayi,PHI,9,30,RB,RB21,44
45,Josh Gordon,CLE,11,32,WR,WR20,44.1
46,Golden Tate,DET,6,34,WR,WR21,45.5
47,Deshaun Watson,HOU,10,27,QB,QB2,46.5
48,Mark Ingram II,NO,6,33,RB,RB22,47.2
49,Demaryius Thomas,DEN,10,35,WR,WR22,47.3
50,Marquise Goodwin,SF,11,32,WR,WR23,48.3
51,Jimmy Graham,GB,7,36,TE,TE4,48.4
52,Tom Brady,NE,11,45,QB,QB3,50.9
53,Carlos Hyde,JAX,9,32,RB,RB23,51.6
54,Brandin Cooks,LAR,12,29,WR,WR24,52
55,Marshawn Lynch,LV,7,37,RB,RB24,52.5
56,Allen Robinson II,CHI,5,29,WR,WR25,53.6
57,Dion Lewis,TEN,8,32,RB,RB25,55.1
58,Jamaal Williams,GB,7,28,RB,RB26,56.7
59,Greg Olsen,CAR,4,38,TE,TE5,57.1
60,Emmanuel Sanders,DEN,10,36,WR,WR26,57.9
61,Russell Wilson,SEA,7,34,QB,QB4,61
62,Corey Davis,TEN,8,28,WR,WR27,61.2
63,Marvin Jones Jr.,DET,6,33,WR,WR28,61.9
64,Kerryon Johnson,DET,6,26,RB,RB27,62.9
65,Trey Burton,CHI,5,31,TE,TE6,63.4
66,Rex Burkhead,NE,11,33,RB,RB28,64.9
67,Drew Brees,NO,6,44,QB,QB5,65.9
68,Julian Edelman,NE,11,37,WR,WR29,67.1
69,Chris Carson,SEA,7,28,RB,RB29,67.2
70,Peyton Barber,TB,5,29,RB,RB30,68.5
71,Cam Newton,CAR,4,34,QB,QB6,69.4
72,Evan Engram,NYG,9,28,TE,TE7,69.6
73,Michael Crabtree,BAL,10,35,WR,WR30,70.9
74,William Fuller V,HOU,10,29,WR,WR31,73.2
75,Cooper Kupp,LAR,12,30,WR,WR32,74.7
76,Kyle Rudolph,MIN,10,33,TE,TE8,75.1
77,Chris Thompson,WAS,4,32,RB,RB31,75.3
78,Delanie Walker,TEN,8,38,TE,TE9,76.2
79,Tevin Coleman,ATL,8,30,RB,RB32,76.6
80,Adrian Peterson,WAS,4,38,RB,RB33,79.5
81,Kirk Cousins,MIN,10,34,QB,QB7,80.3
82,Jamison Crowder,WAS,4,30,WR,WR33,81.6
83,Alshon Jeffery,PHI,9,33,WR,WR34,82.7
84,Andrew Luck,IND,9,33,QB,QB8,83.1
85,Sony Michel,NE,11,28,RB,RB34,84.1
86,Tarik Cohen,CHI,5,28,RB,RB35,85.4
87,Robbie Chosen,NYJ,11,30,WR,WR35,85.8
88,Jordan Reed,WAS,4,33,TE,TE10,88
89,Rashaad Penny,SEA,7,27,RB,RB36,88.2
90,Devin Funchess,CAR,4,29,TE,TE11,89.4
91,Carson Wentz,PHI,9,30,QB,QB9,90.6
92,Isaiah Crowell,NYJ,11,30,RB,RB37,91.3
93,Nelson Agholor,PHI,9,30,WR,WR36,92.7
94,Marlon Mack,IND,9,27,RB,RB38,93.4
95,Randall Cobb,GB,7,32,WR,WR37,93.7
96,Jacksonville Jaguars,JAX,9,null,DST,DST1,93.8
97,David Njoku,CLE,11,27,TE,TE12,94.9
98,Matthew Stafford,DET,6,35,QB,QB10,95.1
99,Sammy Watkins,KC,12,30,WR,WR38,95.2
100,Jordy Nelson,LV,7,38,WR,WR39,96.7
101,Aaron Jones,GB,7,28,RB,RB39,96.9
102,Duke Johnson,CLE,11,29,RB,RB40,97.9
103,Jimmy Garoppolo,SF,11,31,QB,QB11,98.1
104,James White,NE,11,31,RB,RB41,99.4
105,Robert Woods,LAR,12,31,WR,WR40,101.2
105,Mike Williams,LAC,8,28,WR,WR41,101.2
107,Los Angeles Rams,LAR,12,null,DST,DST2,102
108,Philip Rivers,LAC,8,41,QB,QB12,104.7
109,Kenny Stills,MIA,11,31,WR,WR42,107.5
110,Alfred Morris,SF,11,34,RB,RB42,107.8
111,Sterling Shepard,NYG,9,30,WR,WR43,107.9
112,Matt Ryan,ATL,8,38,QB,QB13,108.8
113,Bilal Powell,NYJ,11,34,RB,RB43,111.4
114,Minnesota Vikings,MIN,10,null,DST,DST3,111.6
115,Keelan Cole Sr.,JAX,9,30,WR,WR44,112
116,Matt Breida,SF,11,28,RB,RB44,112.2
117,Pierre Garcon,SF,11,36,WR,WR45,112.3
118,Ben Roethlisberger,PIT,7,41,QB,QB14,114.1
119,Ronald Jones,TB,5,25,RB,RB45,115.1
120,Jack Doyle,IND,9,33,TE,TE13,115.5
121,Kelvin Benjamin,BUF,11,32,WR,WR46,118
122,Los Angeles Chargers,LAC,8,null,DST,DST4,118.3
123,Philadelphia Eagles,PHI,9,null,DST,DST5,118.8
124,Patrick Mahomes II,KC,12,27,QB,QB15,119
125,Calvin Ridley,ATL,8,28,WR,WR47,121.2
126,John Brown,BAL,10,33,WR,WR48,122.7
127,Jared Goff,LAR,12,28,QB,QB16,123.2
128,Latavius Murray,MIN,10,33,RB,RB46,127.6
129,Michael Gallup,DAL,8,27,WR,WR49,127.7
130,Baltimore Ravens,BAL,10,null,DST,DST6,128.3
131,Allen Hurns,DAL,8,31,WR,WR50,128.7
132,Houston Texans,HOU,10,null,DST,DST7,129.4
132,Nick Chubb,CLE,11,27,RB,RB47,129.4
134,Corey Clement,PHI,9,28,RB,RB48,129.6
135,Tyler Lockett,SEA,7,30,WR,WR51,131.2
136,Alex Smith,WAS,4,39,QB,QB17,131.5
137,George Kittle,SF,11,29,TE,TE14,132.4
138,DJ Moore,CAR,4,26,WR,WR52,133.8
139,CJ Anderson,CAR,4,32,RB,RB49,134.6
140,Chris Godwin,TB,5,27,WR,WR53,135.3
141,Marcus Mariota,TEN,8,29,QB,QB18,135.8
141,Kenny Golladay,DET,6,29,WR,WR54,135.8
143,Denver Broncos,DEN,10,null,DST,DST8,137.4
144,Ty Montgomery,GB,7,30,WR,WR55,138
145,Chicago Bears,CHI,5,null,DST,DST9,139.9
146,Geronimo Allison,GB,7,29,WR,WR56,140.3
147,Derek Carr,LV,7,32,QB,QB19,140.5
148,Greg Zuerlein,LAR,12,35,K,K1,144.3
149,Anthony Miller,CHI,5,28,WR,WR57,144.5
150,New Orleans Saints,NO,6,null,DST,DST10,144.6
150,Jordan Wilkins,IND,9,29,RB,RB50,144.6
152,Giovani Bernard,CIN,9,31,RB,RB51,145.7
153,Vance McDonald,PIT,7,33,TE,TE15,145.8
154,James Conner,PIT,7,28,RB,RB52,147.6
155,Stephen Gostkowski,NE,11,39,K,K2,148.4
156,Tyler Eifert,CIN,9,32,TE,TE16,148.9
157,Dede Westbrook,JAX,9,29,WR,WR58,149.3
158,Cameron Meredith,NO,6,30,WR,WR59,150.6
159,John Ross,CIN,9,27,WR,WR60,152.3
160,Justin Tucker,BAL,10,33,K,K3,152.5
161,Jameis Winston,TB,5,29,QB,QB20,152.6
162,Austin Hooper,ATL,8,28,TE,TE17,152.9
163,Antonio Callaway,CLE,11,26,WR,WR61,154
164,DeSean Jackson,TB,5,36,WR,WR62,154.1
165,Ricky Seals-Jones,ARI,9,28,TE,TE18,154.9
166,Cameron Brate,TB,5,32,TE,TE19,155.6
167,Kenneth Dixon,BAL,10,29,RB,RB53,156.1
168,Dak Prescott,DAL,8,30,QB,QB21,156.3
168,Eli Manning,NYG,9,42,QB,QB22,156.3
170,Rob Kelley,WAS,4,30,RB,RB54,156.4
170,Samaje Perine,WAS,4,27,RB,RB55,156.4
172,DeVante Parker,MIA,11,30,WR,WR63,156.5
173,Nyheim Hines,IND,9,26,RB,RB56,156.7
174,LeGarrette Blount,DET,6,36,RB,RB57,156.9
175,Mike Gesicki,MIA,11,27,TE,TE20,157.1
176,O.J. Howard,TB,5,28,TE,TE21,157.2
177,Tyrod Taylor,CLE,11,33,QB,QB23,157.3
178,Tavon Austin,DAL,8,33,WR,WR64,157.6
179,Taywan Taylor,TEN,8,28,WR,WR65,157.7
180,Danny Amendola,MIA,11,37,WR,WR66,158
180,Austin Seferian-Jenkins,JAX,9,30,TE,TE22,158
180,D'Onta Foreman,HOU,10,27,RB,RB58,158
183,Devontae Booker,DEN,10,31,RB,RB59,158.2
183,John Kelly Jr.,LAR,12,26,RB,RB60,158.2
185,Brandon Marshall,SEA,7,39,WR,WR67,158.6
186,New England Patriots,NE,11,null,DST,DST11,158.7
186,Paul Richardson,WAS,4,31,WR,WR68,158.7
186,Charles Clay,BUF,11,34,TE,TE23,158.7
186,Doug Martin,LV,7,34,RB,RB61,158.7
190,Eric Ebron,IND,9,30,TE,TE24,159
191,Quincy Enunwa,NYJ,11,31,WR,WR69,159.1
191,Hayden Hurst,BAL,10,29,TE,TE25,159.1
193,Benjamin Watson,NO,6,42,TE,TE26,159.3
194,Mohamed Sanu,ATL,8,33,WR,WR70,159.4
195,Kalen Ballage,MIA,11,27,RB,RB62,159.7
196,Cole Beasley,DAL,8,34,WR,WR71,160.3
196,Dallas Goedert,PHI,9,28,TE,TE27,160.3
198,T.J. Yeldon,JAX,9,29,RB,RB63,160.5
199,Josh Doctson,WAS,4,30,WR,WR72,160.6
200,Theo Riddick,DET,6,32,RB,RB64,160.9
201,Wil Lutz,NO,6,29,K,K4,161.1
202,Eric Decker,NE,11,36,WR,WR73,161.2
203,Rishard Matthews,TEN,8,33,WR,WR74,161.9
203,Frank Gore,MIA,11,40,RB,RB65,161.9
205,James Washington,PIT,7,27,WR,WR75,162.1
206,Mitch Trubisky,CHI,5,28,QB,QB24,162.2
207,Chris Ivory,BUF,11,35,RB,RB66,162.3
208,Jeremy Hill,NE,11,30,RB,RB67,162.5
209,Tyrell Williams,LAC,8,31,WR,WR76,163.2
210,Andy Dalton,CIN,9,35,QB,QB25,163.8
211,Carolina Panthers,CAR,4,null,DST,DST12,163.9
211,Courtland Sutton,DEN,10,27,WR,WR77,163.9
213,Martavis Bryant,LV,7,31,WR,WR78,164
214,Christian Kirk,ARI,9,26,WR,WR79,164.2
215,Cordarrelle Patterson,NE,11,32,RB,RB68,164.4
216,Blake Bortles,JAX,9,31,QB,QB26,164.5
217,Austin Ekeler,LAC,8,28,RB,RB69,164.9
218,Spencer Ware,KC,12,31,RB,RB70,165
219,Matt Bryant,ATL,8,48,K,K5,165.2
219,Pittsburgh Steelers,PIT,7,null,DST,DST13,165.2
221,Arizona Cardinals,ARI,9,null,DST,DST14,165.5
222,Baker Mayfield,CLE,11,28,QB,QB27,165.8
223,Daniel Carlson,MIN,10,28,K,K6,166
224,Dallas Cowboys,DAL,8,null,DST,DST15,166.4
225,Atlanta Falcons,ATL,8,null,DST,DST16,166.5
226,Case Keenum,DEN,10,35,QB,QB28,166.6
227,Chris Boswell,PIT,7,32,K,K7,166.7
228,Green Bay Packers,GB,7,null,DST,DST17,166.8
229,Harrison Butker,KC,12,28,K,K8,167.1
230,Lamar Jackson,BAL,10,26,QB,QB29,167.2
231,Tennessee Titans,TEN,8,null,DST,DST18,167.3
232,Kansas City Chiefs,KC,12,null,DST,DST19,169.2
233,Jake Elliott,PHI,9,28,K,K9,169.4
234,Cleveland Browns,CLE,11,null,DST,DST20,169.7
235,Mason Crosby,GB,7,38,K,K10,170.1
236,Detroit Lions,DET,6,null,DST,DST21,170.6
237,Dan Bailey,DAL,8,35,K,K11,171.1
238,Robbie Gould,SF,11,40,K,K12,171.6
239,Matt Prater,DET,6,38,K,K13,171.8
240,Adam Vinatieri,IND,9,50,K,K14,172.8
241,Brandon McManus,DEN,10,32,K,K15,173
241,Washington Commanders,WAS,4,null,DST,DST22,173
243,Terrance Williams,DAL,8,33,WR,WR80,174
244,Ryan Succop,TEN,8,36,K,K16,174.2
244,Kai Forbath,MIN,10,35,K,K17,174.2
246,Graham Gano,CAR,4,36,K,K18,174.4
247,Albert Wilson,MIA,11,31,WR,WR81,175
248,Ryan Grant,IND,9,32,WR,WR82,176
249,Mike Wallace,PHI,9,36,WR,WR83,177
250,Seattle Seahawks,SEA,7,null,DST,DST23,178
250,Brandon LaFell,LV,7,36,WR,WR84,178
252,Ted Ginn Jr.,NO,6,38,WR,WR85,179
253,Willie Snead IV,BAL,10,30,WR,WR86,180
254,Las Vegas Raiders,LV,7,null,DST,DST24,181
254,Zay Jones,BUF,11,28,WR,WR87,181
256,Miami Dolphins,MIA,11,null,DST,DST25,182
257,Cincinnati Bengals,CIN,9,null,DST,DST26,183
258,San Francisco 49ers,SF,11,null,DST,DST27,184
258,Kendall Wright,MIN,10,33,WR,WR88,184
260,Indianapolis Colts,IND,9,null,DST,DST28,185
261,Buffalo Bills,BUF,11,null,DST,DST29,186
261,Tre'Quan Smith,NO,6,27,WR,WR89,186
263,Tampa Bay Buccaneers,TB,5,null,DST,DST30,187
264,New York Jets,NYJ,11,null,DST,DST31,188
265,New York Giants,NYG,9,null,DST,DST32,189
265,Donte Moncrief,JAX,9,29,WR,WR90,189
267,Terrelle Pryor,NYJ,11,34,WR,WR91,190
268,Jermaine Kearse,NYJ,11,33,WR,WR92,191
269,Travis Benjamin,LAC,8,33,WR,WR93,192
270,Darren Sproles,PHI,9,40,RB,RB71,194
271,Adam Humphries,TB,5,30,WR,WR94,195
272,Seth Roberts,LV,7,32,WR,WR95,196
273,Trent Taylor,SF,11,29,WR,WR96,199
274,J.J. Nelson,ARI,9,31,WR,WR97,200
275,Taylor Gabriel,CHI,5,32,WR,WR98,202
276,Bennie Fowler,CHI,5,32,WR,WR99,205
277,Chester Rogers,IND,9,29,WR,WR100,207
278,Elijah McGuire,NYJ,11,29,RB,RB72,208
279,Curtis Samuel,CAR,4,26,WR,WR101,210
280,Travaris Cadet,BUF,11,34,RB,RB73,212
281,Charles Sims,TB,5,32,RB,RB74,213
282,Kyle Juszczyk,SF,11,32,FB,RB75,216
283,Ryan Tannehill,MIA,11,35,QB,QB30,217
284,Javorius Allen,BAL,10,31,RB,RB76,218
285,Carlos Henderson,DEN,10,28,WR,WR102,219
286,Wayne Gallman,NYG,9,28,RB,RB77,220
287,Jeremy Kerley,BUF,11,34,WR,WR103,221
288,DJ Chark Jr.,JAX,9,26,WR,WR104,223
289,Jalen Richard,LV,7,29,RB,RB78,224
290,Keke Coutee,HOU,10,26,WR,WR105,225
291,Braxton Miller,HOU,10,30,WR,WR106,226
292,Corey Coleman,BUF,11,29,WR,WR107,228
293,Josh Reynolds,LAR,12,28,WR,WR108,229
294,De'Angelo Henderson,DEN,10,30,RB,RB79,230
295,Dante Pettis,SF,11,27,WR,WR109,232
296,Chase Edmonds,ARI,9,27,RB,RB80,233
297,Roger Lewis,NYG,9,29,WR,WR110,234
298,Jakeem Grant Sr.,MIA,11,30,WR,WR111,235
299,Joe Flacco,BAL,10,38,QB,QB31,236
300,Mike Davis,SEA,7,30,RB,RB81,237
301,Corey Grant,JAX,9,31,RB,RB82,238
302,Ameer Abdullah,DET,6,30,RB,RB83,239
303,Rod Smith,DAL,8,31,RB,RB84,240
304,Amara Darboh,NE,11,29,WR,WR112,241
305,Josh Rosen,ARI,9,26,QB,QB32,242
306,Robert Turbin,IND,9,33,RB,RB85,243
307,Brice Butler,ARI,9,33,WR,WR113,244
308,TJ Jones,DET,6,31,WR,WR114,245
309,Jaron Brown,SEA,7,33,WR,WR115,248
310,Chris Conley,KC,12,30,WR,WR116,249
311,Kenny Britt,NE,11,34,WR,WR117,251
312,Torrey Smith,CAR,4,34,WR,WR118,253
313,Christine Michael,IND,9,32,RB,RB86,254
314,Joe Williams,SF,11,29,RB,RB87,255
315,Chris Moore,BAL,10,30,WR,WR119,256
316,J'Mon Moore,GB,7,28,WR,WR120,257
317,T.J. Logan,ARI,9,28,RB,RB88,258
318,Rashard Higgins,CLE,11,28,WR,WR121,259
319,Wendell Smallwood,PHI,9,29,RB,RB89,261
320,DaeSean Hamilton,DEN,10,28,WR,WR122,262
321,Jared Cook,LV,7,36,TE,TE28,264
322,Tanner McEvoy,MIA,11,30,WR,WR123,266
323,Jaleel Scott,BAL,10,28,WR,WR124,267
324,Jordan Lasley,BAL,10,26,WR,WR125,268
325,Cameron Artis-Payne,CAR,4,31,RB,RB90,269
326,AJ McCarron,LV,7,32,QB,QB33,271
327,Josh McCown,NYJ,11,44,QB,QB34,274
328,Chad Williams,ARI,9,28,WR,WR126,275
329,Demarcus Robinson,KC,12,28,WR,WR127,276
330,Terrance West,NO,6,32,RB,RB91,277
331,Malcolm Brown,LAR,12,30,RB,RB92,278
332,Hunter Sharp,NYG,9,29,WR,WR128,279
333,Jonathan Stewart,NYG,9,36,RB,RB93,280
334,Mark Walton,CIN,9,26,RB,RB94,281
335,Mack Hollins,PHI,9,29,WR,WR129,282
336,Kendrick Bourne,SF,11,27,WR,WR130,283
337,Tyler Boyd,CIN,9,28,WR,WR131,284
338,Cody Latimer,NYG,9,30,WR,WR132,285
339,Kevin White,CHI,5,30,WR,WR133,287
340,Sam Bradford,ARI,9,35,QB,QB35,289
341,Ryan Griffin,HOU,10,33,TE,TE29,290
342,Laquon Treadwell,MIN,10,28,WR,WR134,291
343,Malcolm Mitchell,NE,11,31,WR,WR135,292
344,DeAndre Washington,LV,7,30,RB,RB95,293
345,Ryan Switzer,PIT,7,28,WR,WR136,294
346,Thomas Rawls,NYJ,11,29,RB,RB96,295
347,C.J. Prosise,SEA,7,29,RB,RB97,296
348,Sam Darnold,NYJ,11,26,QB,QB36,297
349,Ricardo Louis,CLE,11,29,WR,WR137,298
350,Virgil Green,LAC,8,34,TE,TE30,299
351,Gerald Everett,LAR,12,29,TE,TE31,300
352,Luke Willson,DET,6,33,TE,TE32,301
353,Travis Rudolph,NYG,9,27,WR,WR138,302
354,Austin Traylor,DEN,10,29,TE,TE33,303
355,Marquez Valdes-Scantling,GB,7,28,WR,WR139,304
356,Equanimeous St. Brown,GB,7,26,WR,WR140,305
357,Trevor Davis,GB,7,30,WR,WR141,306
358,Vernon Davis,WAS,4,39,TE,TE34,307
359,Johnny Holton,LV,7,31,WR,WR142,308
360,Justin Hardy,ATL,8,31,WR,WR143,309
361,Jordan Taylor,DEN,10,31,WR,WR144,310
362,Justin Hunter,PIT,7,32,WR,WR145,311
363,Mike Thomas,LAR,12,28,WR,WR146,312
364,Alfred Blue,HOU,10,32,RB,RB98,313
365,Josh Allen,BUF,11,27,QB,QB37,314
366,Russell Shepard,NYG,9,32,WR,WR147,315
367,Jake Butt,DEN,10,28,TE,TE35,316
368,Kasen Williams,IND,9,31,WR,WR148,317
369,Leonte Carroo,MIA,11,29,WR,WR149,318
370,Mike Gillislee,NO,6,32,RB,RB99,319
371,Jamize Olawale,DAL,8,34,FB,RB100,320
372,Matt Jones,PHI,9,27,RB,RB101,321
373,Anthony Sherman,KC,12,34,FB,RB102,322
374,Andre Holmes,BUF,11,35,WR,WR150,324
375,Adam Shaheen,CHI,5,28,TE,TE36,325
376,Ed Dickson,SEA,7,36,TE,TE37,326
377,Michael Roberts,DET,6,29,TE,TE38,327
378,Jesus Wilson,TB,5,28,WR,WR151,329
379,Deonte Thompson,DAL,8,34,WR,WR152,330
380,Charone Peake,NYJ,11,30,WR,WR153,332
381,Jermaine Gresham,ARI,9,35,TE,TE39,333
382,Maxwell McCaffrey,SF,11,29,WR,WR154,334
383,Cody Core,CIN,9,29,WR,WR155,335
384,Raheem Mostert,SF,11,31,RB,RB103,336
385,Braxton Berrios,NE,11,27,WR,WR156,337
386,Bruce Ellington,HOU,10,31,WR,WR157,338
387,Richie James,SF,11,27,WR,WR158,339
388,Tyler Kroft,CIN,9,30,TE,TE40,340
389,Andy Janovich,DEN,10,30,FB,RB104,341
390,Sean Culkin,LAC,8,30,TE,TE41,342
391,Damien Williams,KC,12,31,RB,RB105,343
392,Garrett Celek,SF,11,35,TE,TE42,344
393,Justin Watson,TB,5,28,WR,WR159,345
394,Trey Quinn,WAS,4,27,WR,WR160,346
395,Tajae Sharpe,TEN,8,28,WR,WR161,347
396,Josh Bellamy,CHI,5,34,WR,WR162,348
397,Damion Ratley,CLE,11,28,WR,WR163,349
398,J.D. McKissic,SEA,7,29,RB,RB106,350
399,Tyler Higbee,LAR,12,30,TE,TE43,351
400,Marcus Johnson,IND,9,28,WR,WR164,352
401,Jonnu Smith,TEN,8,27,TE,TE44,353
402,Tommy Bohanon,JAX,9,32,FB,RB107,354
403,Jesse James,PIT,7,29,TE,TE45,355
404,Kapri Bibbs,WAS,4,30,RB,RB108,356
405,Ryan Fitzpatrick,TB,5,40,QB,QB38,357
406,Zach Zenner,DET,6,31,RB,RB109,358
407,Jaydon Mickens,JAX,9,29,WR,WR165,359
408,Zach Line,NO,6,33,FB,RB110,360
409,Aaron Ripkowski,GB,7,30,FB,RB111,361
410,Rod Streater,BUF,11,35,WR,WR166,362
411,Nick Vannett,SEA,7,30,TE,TE46,363
412,Marcell Ateman,LV,7,28,WR,WR167,364
413,Alan Cross,TB,5,30,FB,RB112,365
414,Noah Brown,DAL,8,27,WR,WR168,366
415,Benjamin Cunningham,CHI,5,33,RB,RB113,367
416,Ardarius Stewart,NYJ,11,29,WR,WR169,368
417,Daniel Brown,CHI,5,31,TE,TE47,369
418,Javon Wims,CHI,5,28,WR,WR170,370
419,Austin Carr,NO,6,29,WR,WR171,371
420,Nathan Peterman,BUF,11,29,QB,QB39,372
421,Brandon Wilds,ARI,9,30,RB,RB114,373
422,Kaelin Clay,NYG,9,31,WR,WR172,374
423,Jeff Heuerman,DEN,10,30,TE,TE48,375
424,Jaylen Samuels,PIT,7,27,RB,RB115,376
425,Aaron Burbridge,SF,11,29,WR,WR173,377
426,Shelton Gibson,PHI,9,28,WR,WR174,378
427,Auden Tate,CIN,9,26,WR,WR175,379
428,Teddy Bridgewater,NO,6,30,QB,QB40,381
429,Tanner Gentry,CHI,5,28,WR,WR176,382
430,Daurice Fountain,IND,9,27,WR,WR177,383
431,Demetrius Harris,KC,12,32,TE,TE49,384
432,Elijhaa Penny,ARI,9,29,RB,RB116,385
433,Will Tye,NE,11,31,TE,TE50,386
434,Ray-Ray McCloud III,BUF,11,26,WR,WR178,387
435,Austin Proehl,BUF,11,27,WR,WR179,388
436,Josh Lambo,JAX,9,32,K,K19,391
437,Dylan Cantrell,LAC,8,29,TE,TE51,392
438,Will Dissly,SEA,7,27,TE,TE52,393
439,Shane Wynn,JAX,9,30,WR,WR180,395
440,Reggie Davis,ATL,8,27,WR,WR181,396
441,Russell Gage,ATL,8,27,WR,WR182,397
442,Patrick DiMarco,BUF,11,34,FB,RB117,398
443,James Develin,NE,11,35,FB,RB118,399
444,Geoff Swaim,DAL,8,29,TE,TE53,400
445,Stephen Anderson,NE,11,30,TE,TE54,401
446,Ka'imi Fairbairn,HOU,10,29,K,K20,405
447,Jarius Wright,CAR,4,33,WR,WR183,406
448,De'Anthony Thomas,KC,12,30,WR,WR184,407
449,Tyler Ervin,HOU,10,29,RB,RB119,408
450,Dustin Hopkins,WAS,4,32,K,K21,409
451,Andy Jones,DET,6,29,WR,WR185,410
452,Chris Thompson,HOU,10,29,WR,WR186,411
453,Deon Cain,IND,9,26,WR,WR187,412
454,Jacquizz Rodgers,TB,5,33,RB,RB120,413
455,Brandon Coleman,NO,6,31,WR,WR188,414
456,Phil Dawson,ARI,9,48,K,K22,415
457,Sebastian Janikowski,SEA,7,45,K,K23,416
458,Chandler Catanzaro,TB,5,32,K,K24,417
459,Dwayne Washington,NO,6,29,RB,RB121,418
460,Mack Brown,WAS,4,31,RB,RB122,419
461,Caleb Sturgis,LAC,8,33,K,K25,420
462,Bo Scarbrough,JAX,9,26,RB,RB123,421
463,Nick O'Leary,MIA,11,30,TE,TE55,422
464,Maurice Harris,WAS,4,30,WR,WR189,423
465,Boston Scott,NO,6,28,RB,RB124,424
466,David Williams,JAX,9,29,RB,RB125,425
467,Giorgio Tavecchio,ATL,8,33,K,K26,426
468,Ito Smith,ATL,8,27,RB,RB126,427
469,Brandon Reilly,BUF,11,29,WR,WR190,428
470,Stephen Hauschka,BUF,11,38,K,K27,430
471,Chad Hansen,NE,11,28,WR,WR191,431
472,Bryce Treggs,PHI,9,29,WR,WR192,432
473,Phillip Dorsett,NE,11,30,WR,WR193,433
474,Justin Jackson,LAC,8,27,RB,RB127,434
475,Jason Sanders,MIA,11,27,K,K28,435
476,Charcandrick West,NYJ,11,32,RB,RB128,436
477,Durham Smythe,MIA,11,27,TE,TE56,437
478,Dalton Crossan,TB,5,29,RB,RB129,438
479,Seantavious Jones,IND,9,30,WR,WR194,439
480,Jason Myers,NYJ,11,32,K,K29,440
481,Aldrick Rosas,NYG,9,28,K,K30,441
482,Ian Thomas,CAR,4,27,TE,TE57,442
483,D.J. Foster,ARI,9,29,RB,RB130,443
484,Trenton Cannon,NYJ,11,29,RB,RB131,445
485,Darrius Heyward-Bey,PIT,7,36,WR,WR195,446
486,Cairo Santos,NYJ,11,31,K,K31,447
487,Zane Gonzalez,CLE,11,28,K,K32,448
488,Josh Hill,NO,6,33,TE,TE58,449
489,Randy Bullock,CIN,9,33,K,K33,450
490,Kerwynn Williams,KC,12,32,RB,RB132,451
491,Dalton Schultz,DAL,8,27,TE,TE59,452
492,Cody Parkey,CHI,5,31,K,K34,453
493,Rhett Ellison,NYG,9,34,TE,TE60,454
494,Nick Boyle,BAL,10,30,LS,LS1,455
495,Josh Malone,CIN,9,27,WR,WR196,456
496,Marcedes Lewis,GB,7,39,TE,TE61,457
497,Lee Smith,LV,7,35,TE,TE62,458
498,Donnel Pumphrey,PHI,9,28,RB,RB133,459
499,Clive Walford,NYJ,11,31,TE,TE63,460
500,Seth DeValve,CLE,11,30,TE,TE64,461
501,Justin Davis,LAR,12,27,RB,RB134,462
502,Jay Prosch,HOU,10,30,FB,RB135,463
503,Stevan Ridley,PIT,7,34,RB,RB136,464
504,Brian Hill,ATL,8,27,RB,RB137,465
505,Alex Erickson,CIN,9,30,WR,WR197,466
506,David Morgan,MIN,10,30,TE,TE65,467
507,Gabe Holmes,ARI,9,32,TE,TE66,468
508,Pharoh Cooper,LAR,12,28,WR,WR198,469
509,Jehu Chesson,KC,12,30,WR,WR199,470
510,Michael Burton,CHI,5,31,FB,RB138,471
511,Blake Jarwin,DAL,8,29,TE,TE67,472
512,Jeff Janis,CLE,11,32,WR,WR200,473
513,C.J. Ham,MIN,10,30,FB,RB139,474
514,Keith Smith,LV,7,31,FB,RB140,475
515,Derek Watt,LAC,8,30,FB,RB141,476
516,Dwayne Allen,NE,11,33,TE,TE68,478
517,AJ Derby,MIA,11,31,TE,TE69,479
518,Niles Paul,JAX,9,33,TE,TE70,480
519,Danny Vitale,CLE,11,29,FB,RB142,481
520,Roberto Aguayo,LAC,8,29,K,K35,482
521,Levine Toilolo,DET,6,32,TE,TE71,483
522,Markus Wheaton,PHI,9,32,WR,WR201,484
523,Jeremy Sprinkle,WAS,4,28,TE,TE72,485
524,Shane Smith,NYG,9,29,FB,RB143,486
525,Xavier Grimble,PIT,7,30,TE,TE73,487
526,Michael Campanaro,TEN,8,32,WR,WR202,488
527,Damiere Byrd,CAR,4,30,WR,WR203,489
528,Marvin Hall,ATL,8,30,WR,WR204,490
529,Logan Paulsen,ATL,8,36,TE,TE74,491
530,Logan Thomas,BUF,11,32,TE,TE75,492
531,Devante Mays,CLE,11,29,RB,RB144,493
532,Daniel Lasco,NO,6,30,RB,RB145,494
533,Dwayne Harris,LV,7,35,WR,WR205,495
534,Marcus Murphy,BUF,11,31,RB,RB146,496
535,Aldrick Robinson,SF,11,34,WR,WR206,497
536,Dion Sims,CHI,5,32,TE,TE76,498
537,Fitzgerald Toussaint,PIT,7,33,RB,RB147,499
538,Trey Edmunds,PIT,7,28,RB,RB148,500
539,Kalif Raymond,NYG,9,28,WR,WR207,501
540,Ryan Izzo,NE,11,27,TE,TE77,502
541,Marquez Williams,CLE,11,29,FB,RB149,503
542,Brian Quick,WAS,4,34,WR,WR208,504
543,Eric Tomlinson,NYJ,11,31,TE,TE78,505
544,Tre Madden,SEA,7,29,RB,RB150,506
545,Nick Bawden,DET,6,27,FB,RB151,507
546,Taiwan Jones,BUF,11,35,RB,RB152,508
547,Erik Swoope,IND,9,31,TE,TE79,509
548,Ryan Griffin,TB,5,33,QB,QB41,510
549,Breshad Perriman,BAL,10,29,WR,WR209,511
550,Troy Fumagalli,DEN,10,28,TE,TE80,512
551,Tyler Conklin,MIN,10,28,TE,TE81,513
552,Jerell Adams,HOU,10,30,TE,TE82,514
553,Antony Auclair,TB,5,30,TE,TE83,515
554,Jordan Thomas,HOU,10,26,LB,LB1,516
555,Tavarres King,MIN,10,33,WR,WR210,517
556,Austin Johnson,TB,5,34,FB,RB153,518
557,Eric Saubert,ATL,8,29,TE,TE84,519
558,Mason Schreck,CIN,9,29,TE,TE85,520
559,Evan Baylis,CAR,4,29,TE,TE86,521
560,Matt Dayes,SF,11,28,RB,RB154,522
561,Bucky Hodges,PIT,7,27,TE,TE87,523
562,MarQueis Gray,MIA,11,33,TE,TE88,524
563,Michael Hoomanawanui,NO,6,35,TE,TE89,525
564,Khari Lee,BUF,11,31,TE,TE90,526
565,Richard Rodgers,PHI,9,31,TE,TE91,527
566,Derek Carrier,LV,7,33,TE,TE92,528
567,Jalston Fowler,ATL,8,28,RB,RB155,529
568,Ross Travis,IND,9,30,TE,TE93,530
569,James O'Shaughnessy,JAX,9,31,TE,TE94,531
570,Lance Kendricks,GB,7,35,TE,TE95,532
571,C.J. Uzomah,CIN,9,30,TE,TE96,533
572,Temarrick Hemingway,DEN,10,30,TE,TE97,534
573,Jordan Akins,HOU,10,31,TE,TE98,535
574,Ryan Malleck,PIT,7,30,TE,TE99,536
575,Jacoby Brissett,IND,9,30,QB,QB42,537
576,Brandon Bolden,MIA,11,33,RB,RB156,538
577,Roosevelt Nix,PIT,7,31,FB,RB157,539
578,Jacob Hollister,NE,11,29,TE,TE100,540
579,Cooper Rush,DAL,8,29,QB,QB43,541
580,Ryan Hewitt,CIN,9,32,TE,TE101,542
581,Tommylee Lewis,NO,6,30,WR,WR211,543
582,Cole Hikutini,MIN,10,29,TE,TE102,544
583,Darrell Daniels,SEA,7,28,TE,TE103,545
584,Darren Fells,CLE,11,37,TE,TE104,546
585,Chris Manhertz,CAR,4,31,TE,TE105,547
586,C.J. Beathard,SF,11,29,QB,QB44,548
587,David Fluellen,TEN,8,31,RB,RB158,549
588,Ben Koyack,JAX,9,30,TE,TE106,550
589,Troy Niklas,NE,11,30,TE,TE107,551
590,Luke Stocker,TEN,8,35,TE,TE108,552
591,Nick Foles,PHI,9,34,QB,QB45,553
592,DeShone Kizer,GB,7,27,QB,QB46,554
593,Trevor Siemian,MIN,10,31,QB,QB47,555
594,Blaine Gabbert,TEN,8,33,QB,QB48,556
595,Sam Ficken,LAR,12,30,K,K36,557
596,Sammie Coates,HOU,10,30,WR,WR212,558
597,Freddie Martino,TB,5,31,WR,WR213,559
598,Brock Osweiler,MIA,11,32,QB,QB49,560
599,Paxton Lynch,DEN,10,29,QB,QB50,561
600,Senorise Perry,MIA,11,31,RB,RB159,562
601,Ben Braunecker,CHI,5,29,TE,TE109,563
602,Tom Savage,SF,11,33,QB,QB51,564
603,EJ Manuel,LV,7,33,QB,QB52,565
604,Brian Hoyer,NE,11,37,QB,QB53,566
605,Quan Bray,HOU,10,30,WR,WR214,567
606,Geremy Davis,LAC,8,31,WR,WR215,568
607,Nick Williams,TEN,8,32,WR,WR216,569
608,DeAndrew White,DEN,10,31,WR,WR217,570
609,Matt Barkley,CIN,9,32,QB,QB54,571
610,Jeremy McNichols,DEN,10,27,RB,RB160,572
611,Troymaine Pope,HOU,10,29,RB,RB161,573
612,Russell Hansbrough,LAC,8,29,RB,RB162,574
613,Taquan Mizzell,CHI,5,29,RB,RB163,575
614,Brett Hundley,SEA,7,30,QB,QB55,576
615,Kevin Hogan,DEN,10,30,QB,QB56,577
616,Robert Griffin III,BAL,10,33,QB,QB57,578
617,Bryce Petty,MIA,11,32,QB,QB58,579
618,Chad Henne,KC,12,38,QB,QB59,580
619,Chase Daniel,CHI,5,36,QB,QB60,581
620,Cody Kessler,JAX,9,30,QB,QB61,582
621,Brandon Weeden,HOU,10,39,QB,QB62,583
622,Colt McCoy,WAS,4,36,QB,QB63,584
623,Matt Schaub,ATL,8,42,QB,QB64,585
624,Austin Davis,SEA,7,34,QB,QB65,586
625,Geno Smith,LAC,8,32,QB,QB66,587
626,Matt Cassel,DET,6,41,QB,QB67,588
627,Jonathan Williams,IND,9,29,RB,RB164,589
628,Sean Mannion,LAR,12,31,QB,QB68,590
629,Tre McBride,NYJ,11,30,WR,WR218,591
630,Stacy Coley,MIN,10,29,WR,WR219,592
631,Mike Glennon,ARI,9,33,QB,QB69,593
632,Mike White,DAL,8,28,QB,QB70,594
633,Connor Cook,CAR,4,30,QB,QB71,595
634,Matt Lengel,HOU,10,32,TE,TE110,596
635,Nate Sudfeld,PHI,9,29,QB,QB72,597
636,Drew Stanton,CLE,11,39,QB,QB73,598
637,Garrett Gilbert,CAR,4,32,QB,QB74,599
638,Carson Palmer,ARI,9,43,QB,QB75,600
639,Jay Cutler,MIA,11,40,QB,QB76,601
640,Scott Tolzien,IND,9,35,QB,QB77,602
641,Christian Hackenberg,PHI,9,28,QB,QB78,603
642,Matt Moore,MIA,11,38,QB,QB79,604
643,Brandon Allen,LAR,12,30,QB,QB80,605
644,Trevone Boykin,SEA,7,29,QB,QB81,606
645,Landry Jones,PIT,7,34,QB,QB82,607
646,TJ Yates,HOU,10,36,QB,QB83,608
647,Derek Anderson,BUF,11,40,QB,QB84,609
648,Kellen Clemens,LAC,8,40,QB,QB85,610
649,Ryan Mallett,BAL,10,35,QB,QB86,611
650,Cardale Jones,LAC,8,30,QB,QB87,612
651,Joe Callahan,PHI,9,30,QB,QB88,613
652,Davis Webb,NYJ,11,28,QB,QB89,614
653,Chad Kelly,DEN,10,29,QB,QB90,615
654,Zac Dysert,DAL,8,33,QB,QB91,616
655,Jeff Driskel,CIN,9,30,QB,QB92,617
656,Brandon Doughty,ARI,9,31,QB,QB93,618
657,Joshua Dobbs,PIT,7,28,QB,QB94,619
658,Stephen Morris,HOU,10,30,QB,QB95,620
659,Joel Stave,NYJ,11,31,QB,QB96,621
660,David Fales,MIA,11,32,QB,QB97,622
661,Josh Johnson,LV,7,37,QB,QB98,623
662,Mark Sanchez,CHI,5,36,QB,QB99,624
663,Joe Webb,HOU,10,36,QB,QB100,625
664,Alex Tanney,NYG,9,35,QB,QB101,626
665,Tyler Bray,CHI,5,31,QB,QB102,627
666,DeMarco Murray,TEN,8,35,RB,RB165,628
667,Eddie Lacy,SEA,7,32,RB,RB166,629
668,Shane Vereen,NO,6,34,RB,RB167,631
669,Jamaal Charles,DEN,10,36,RB,RB168,632
670,Branden Oliver,IND,9,32,RB,RB169,633
671,Orleans Darkwa,NYG,9,31,RB,RB170,635
672,CJ Spiller,KC,12,35,RB,RB171,636
673,Elijah Hood,CAR,4,27,RB,RB172,637
674,Mike Tolbert,BUF,11,37,FB,RB173,638
675,Jeremy Langford,MIA,11,31,RB,RB174,639
676,Lance Dunbar,LAR,12,33,RB,RB175,640
677,John Kuhn,NO,6,40,FB,RB176,641
678,Andre Ellington,HOU,10,34,RB,RB177,642
679,Kenneth Farrow,LAC,8,30,RB,RB178,643
680,Kenjon Barner,NE,11,34,RB,RB179,644
681,Terron Ward,ATL,8,31,RB,RB180,645
682,Josh Ferguson,HOU,10,30,RB,RB181,646
683,Terrell Watson,NYG,9,29,RB,RB182,647
684,John Crockett,BAL,10,31,RB,RB183,648
685,Khalfani Muhammad,TEN,8,28,RB,RB184,649
686,Byron Marshall,WAS,4,29,RB,RB185,650
687,Malcolm Johnson,SF,11,30,FB,RB186,651
688,Andre Williams,LAC,8,30,RB,RB187,652
689,Joe Kerridge,GB,7,30,FB,RB188,653
690,Bronson Hill,GB,7,30,RB,RB189,654
691,George Atkinson,KC,12,30,RB,RB190,655
692,Sam Rogers,LAR,12,28,FB,RB191,656
693,Tra Carson,GB,7,30,RB,RB192,657
694,I'Tavius Mathers,JAX,9,29,RB,RB193,658
695,Darius Jackson,DAL,8,29,RB,RB194,659
696,Keith Marshall,WAS,4,29,RB,RB195,660
697,Derrick Coleman,ARI,9,32,FB,RB196,661
698,Cedric Peerman,CIN,9,36,RB,RB197,662
699,George Winn,IND,9,32,RB,RB198,663
700,Mike James,DET,6,32,RB,RB199,664
701,Jordan Todman,HOU,10,33,RB,RB200,665
702,Dez Bryant,DAL,8,34,WR,WR220,666
703,Jeremy Maclin,BAL,10,35,WR,WR221,668
704,Eli Rogers,PIT,7,30,WR,WR222,669
705,Jaelen Strong,JAX,9,30,WR,WR223,670
706,Kamar Aiken,PHI,9,34,WR,WR224,671
707,Dontrelle Inman,CHI,5,34,WR,WR225,672
708,Michael Floyd,NO,6,33,WR,WR226,673
709,Jalin Marshall,NYJ,11,28,WR,WR227,674
710,Cobi Hamilton,IND,9,32,WR,WR228,675
711,Deangelo Yancey,GB,7,28,WR,WR229,676
712,Arrelious Benn,JAX,9,34,WR,WR230,677
713,Rashad Greene,JAX,9,30,WR,WR231,678
714,Jeremy Butler,BUF,11,32,WR,WR232,679
715,Harry Douglas,TEN,8,37,WR,WR233,680
716,Brenton Bersin,CAR,4,33,WR,WR234,681
717,DeAndre Smelter,JAX,9,31,WR,WR235,682
718,Robert Davis,WAS,4,28,WR,WR236,683
719,Darius Jennings,TEN,8,31,WR,WR237,684
720,Jake Lampman,TB,5,30,WR,WR238,685
721,Brandon Tate,NO,6,35,WR,WR239,686
722,Eric Weems,TEN,8,38,WR,WR240,687
723,David Moore,SEA,7,28,WR,WR241,688
724,Daniel Braverman,KC,12,29,WR,WR242,689
725,Vince Mayle,LAC,8,32,WR,WR243,690
726,Jace Billingsley,DET,6,30,WR,WR244,691
727,Demarcus Ayers,CHI,5,29,WR,WR245,692
728,Isaiah Burse,LAC,8,31,WR,WR246,693
729,Paul Turner,NE,11,30,WR,WR247,694
730,Brittan Golden,ARI,9,35,WR,WR248,695
731,Devin Fuller,ATL,8,29,WR,WR249,696
732,Kenny Bell,DEN,10,31,WR,WR250,697
733,Matt Hazel,CLE,11,31,WR,WR251,698
734,Devin Lucien,TB,5,30,WR,WR252,699
735,Bradley Marquez,DET,6,30,WR,WR253,700
736,Rashawn Scott,MIA,11,31,WR,WR254,701
737,Cayleb Jones,MIN,10,30,WR,WR255,702
738,Matthew Slater,NE,11,37,WR,WR256,703
739,Marquess Wilson,PHI,9,30,WR,WR257,704
740,Charles Johnson,CAR,4,37,DE,DL1,705
741,Hunter Henry,LAC,8,28,TE,TE111,706
742,Coby Fleener,NO,6,34,TE,TE112,707
743,Martellus Bennett,NE,11,36,TE,TE113,708
744,Antonio Gates,LAC,8,43,TE,TE114,709
745,Julius Thomas,MIA,11,35,TE,TE115,710
746,Maxx Williams,BAL,10,29,TE,TE116,711
747,Mychal Rivera,JAX,9,32,TE,TE117,712
748,Jordan Leggett,NYJ,11,28,TE,TE118,713
749,Rico Gathers,DAL,8,29,TE,TE119,714
750,Jace Amaro,KC,12,31,TE,TE120,715
751,Neal Sterling,NYJ,11,31,WR,WR258,716
752,Joshua Perkins,PHI,9,29,TE,TE121,717
753,Cole Wick,SF,11,29,TE,TE122,718
754,Brent Celek,PHI,9,38,TE,TE123,719
755,Mo Alie-Cox,IND,9,29,TE,TE124,720
756,Randall Telfer,IND,9,31,TE,TE125,721
757,Alex Ellis,KC,12,30,TE,TE126,722
758,Brandon Williams,IND,9,35,TE,TE127,723
759,Anthony Fasano,MIA,11,39,TE,TE128,724
760,Scott Simonson,CAR,4,31,TE,TE129,725
761,Ifeanyi Momah,ARI,9,33,WR,WR259,726
762,Phillip Supernaw,TEN,8,33,TE,TE130,727
763,Sean McGrath,DET,6,35,TE,TE131,728
764,MyCole Pruitt,TEN,8,31,TE,TE132,729
765,Darren Waller,BAL,10,30,TE,TE133,730
766,Hakeem Valles,DET,6,30,TE,TE134,731
767,Thomas Duarte,MIA,11,28,TE,TE135,732
768,Braedon Bowman,LAC,8,29,TE,TE136,733
769,Asante Cleveland,LAC,8,33,TE,TE137,734
770,Crockett Gillmore,BAL,10,31,TE,TE138,735
771,Gavin Escobar,MIA,11,32,TE,TE139,736
772,Orson Charles,CLE,11,32,TE,TE140,737
773,Jeff Cumberland,LAC,8,36,TE,TE141,738
774,Clay Harbor,NO,6,36,TE,TE142,739
775,John Phillips,NO,6,36,TE,TE143,740
776,Matt LaCosse,DEN,10,30,TE,TE144,741
777,Blair Walsh,SEA,7,33,K,K37,742
778,Nick Folk,TB,5,38,K,K38,743
779,Nick Novak,LAC,8,41,K,K39,744
780,Mike Nugent,LV,7,41,K,K40,745
781,Nick Rose,HOU,10,29,K,K41,746
782,Louis Murphy,SF,11,36,WR,WR260,747
783,Chris Owusu,MIA,11,33,WR,WR261,748
784,Chris Gragg,NYJ,11,33,TE,TE145,749
785,Charles Johnson,CAR,4,34,WR,WR262,750
786,Terrell Sinkfield,NYJ,11,32,WR,WR263,751
787,Rashad Ross,ARI,9,33,WR,WR264,752
788,James Wright,IND,9,31,WR,WR265,753
789,Bishop Sankey,MIN,10,30,RB,RB201,754
790,Bernard Reedy,NE,11,31,WR,WR266,755
791,Tyler Gaffney,JAX,9,32,RB,RB202,756
792,Patrick Murray,TB,5,32,K,K42,757
793,Devin Smith,NYJ,11,31,WR,WR267,758
794,Garrett Grayson,ATL,8,32,QB,QB103,759
795,Blake Bell,JAX,9,31,TE,TE146,760
796,Tony Lippett,MIA,11,31,WR,WR268,761
797,Kenny Hilliard,WAS,4,31,RB,RB203,762
798,Terrence Magee,ATL,8,29,RB,RB204,763
799,Dres Anderson,DAL,8,31,WR,WR269,764
800,Tim Semisch,TEN,8,31,TE,TE147,765
801,Manasseh Garner,WAS,4,31,WR,WR270,766
802,Trey Williams,DAL,8,30,RB,RB205,767
803,Quinton Dunbar,WAS,4,31,CB,DB1,768
804,Brian Parker,DEN,10,31,TE,TE148,769
805,Taylor Heinicke,CAR,4,30,QB,QB104,770
806,DeAndre Carter,PHI,9,30,WR,WR271,771
807,Rasheed Bailey,CAR,4,30,WR,WR272,772
808,Larry Pinkard,JAX,9,31,WR,WR273,773
809,Jameill Showers,DAL,8,31,FS,DB2,774
810,Lucky Whitehead,NYJ,11,31,WR,WR274,775
811,Jake Kumerow,GB,7,31,WR,WR275,777
812,Zach Laskey,LAR,12,31,RB,RB206,778
813,Desmond Lawrence,DET,6,28,WR,WR276,779
814,Jordan Leslie,DEN,10,31,WR,WR277,781
815,Kelvin Taylor,CLE,11,29,RB,RB207,782
816,Mekale McKay,CHI,5,29,WR,WR278,783
817,Josh Woodrum,BAL,10,30,QB,QB105,784
818,David Grinnage,JAX,9,29,TE,TE149,785
819,Henry Krieger-Coble,LAR,12,31,TE,TE150,786
820,Marshall Koehn,NYG,9,30,K,K43,787
821,Devon Cajuste,CLE,11,30,WR,WR279,788
822,Dom Williams,PHI,9,32,WR,WR280,789
823,Jamaal Jones,CAR,4,30,WR,WR281,790
824,Canaan Severin,NYG,9,30,WR,WR282,791
825,Mose Frazier,CAR,4,29,WR,WR283,792
826,Lawrence Thomas,NYJ,11,30,RB,RB208,793
827,Herb Waters,GB,7,30,WR,WR284,794
828,Tevin Jones,PIT,7,30,WR,WR285,795
829,Brandon Shippen,KC,12,29,WR,WR286,796
830,Darius Powe,NYG,9,29,WR,WR287,798
831,Jason Vander Laan,IND,9,30,TE,TE151,799
832,Jon Brown,CIN,9,30,K,K44,801
833,Marcus Tucker,PIT,7,31,WR,WR288,802
834,Taniela Tupou,ATL,8,30,FB,RB209,803
835,KJ Brent,IND,9,29,WR,WR289,804
836,Ryan O'Malley,NYG,9,30,TE,TE152,805
837,Jalen Simmons,NYG,9,31,RB,RB210,806
838,Marquis Bundy,NYG,9,28,WR,WR290,807
839,Garrett Griffin,NO,6,29,TE,TE153,808
840,Cyril Grayson Jr.,SEA,7,29,WR,WR291,809
841,Brad Kaaya,IND,9,27,QB,QB106,810
842,Alex Armah,CAR,4,29,RB,RB211,811
843,Malachi Dupre,BUF,11,27,WR,WR292,812
844,Isaiah Ford,MIA,11,27,WR,WR293,813
845,Deante Burton,ATL,8,29,CB,DB3,815
846,Alek Torgersen,DET,6,28,QB,QB107,816
847,Scott Orndoff,CIN,9,29,TE,TE154,817
848,Johnny Mundt,LAR,12,28,TE,TE155,818
849,Zach Pascal,IND,9,28,WR,WR294,819
850,Trey Griffey,PIT,7,29,WR,WR295,820
851,Bug Howard,CLE,11,28,TE,TE156,821
852,JoJo Natson,NYJ,11,29,WR,WR296,822
853,Brandon Radcliff,MIA,11,30,RB,RB212,823
854,P.J. Walker,IND,9,28,QB,QB108,824
855,Quincy Adeboyejo,BAL,10,28,WR,WR297,825
856,C.J. Board,CLE,11,29,WR,WR298,826
857,Ricky Ortiz,ATL,8,29,FB,RB213,827
858,Tim Patrick,DEN,10,29,WR,WR299,828
859,Tim White,BAL,10,29,WR,WR300,829
860,Austin Duke,CAR,4,29,WR,WR301,830
861,Fred Ross,CAR,4,28,WR,WR302,831
862,Cethan Carter,CIN,9,27,TE,TE157,832
863,Jarveon Williams,CIN,9,28,RB,RB214,833
864,Michael Clark,GB,7,27,WR,WR303,834
865,Taysom Hill,NO,6,32,TE,TE158,835
866,Malcolm Lewis,MIA,11,29,WR,WR304,836
867,Drew Morgan,MIA,11,28,WR,WR305,837
868,De'Veon Smith,MIA,11,28,RB,RB215,838
869,Damore'ea Stringfellow,SEA,7,28,WR,WR306,839
870,Leshun Daniels Jr.,WAS,4,28,RB,RB216,840
871,Cody Hollister,NE,11,29,WR,WR307,841
872,Brisly Estime,NYJ,11,null,WR,WR308,842
873,Anthony Firkser,KC,12,28,TE,TE159,843
874,Connor Harris,CIN,9,30,FB,RB217,844
875,Pharaoh Brown,LV,7,29,TE,TE160,845
876,Keon Hatcher,LV,7,28,WR,WR309,846
877,Anthony Kukwa,LAC,8,30,LS,LS2,847
878,Isaac Whitney,LV,7,29,WR,WR310,848
879,Victor Bolden,SF,11,28,WR,WR311,849
880,Nick Mullens,SF,11,28,QB,QB109,850
881,Gehrig Dieter,KC,12,30,WR,WR312,851
882,Marcus Kemp,KC,12,27,WR,WR313,852
883,Emanuel Byrd,GB,7,28,TE,TE161,853
884,Travin Dural,NO,6,29,WR,WR314,854
885,Carlton Agudosi,ARI,9,29,WR,WR315,855
886,Krishawn Hogan,IND,9,28,WR,WR316,856
887,James Summers,PIT,7,29,RB,RB218,857
888,Jason Croom,BUF,11,29,TE,TE162,858
889,Keith Towbridge,BUF,11,28,TE,TE163,859
890,Joel Bouagnon,DET,6,28,RB,RB219,860
891,Kermit Whitfield,CIN,9,29,WR,WR317,861
892,Brian Brown,DAL,8,28,WR,WR318,862
893,Jahad Thomas,NYJ,11,27,RB,RB220,863
894,Kyle Sloter,MIN,10,29,QB,QB110,864
895,Dontez Ford,DET,6,29,WR,WR319,865
896,Tion Green,IND,9,29,RB,RB221,866
897,Robert Tonyan,GB,7,29,TE,TE164,867
898,Deante' Gray,HOU,10,29,WR,WR320,868
899,Justin Hardee,NO,6,29,CB,DB4,869
900,Riley McCarron,NE,11,30,WR,WR321,870
901,Tim Cook,JAX,9,29,RB,RB222,871
902,Amba Etta-Tawo,NYG,9,29,WR,WR322,872
903,Lenard Tillery,LAR,12,29,RB,RB223,873
904,Keeon Johnson,NYG,9,28,WR,WR323,874
905,Colin Thompson,CHI,5,29,TE,TE165,875
906,Billy Brown,PHI,9,30,TE,TE166,876
907,Greg Ward,PHI,9,28,WR,WR324,877
908,Andre Patton,LAC,8,29,WR,WR325,878
909,Artavis Scott,LAC,8,28,WR,WR326,879
910,Tyrone Swoopes,SEA,7,28,TE,TE167,880
911,Tyler Ferguson,TEN,8,29,QB,QB111,881
912,Akeem Judd,NYJ,11,30,RB,RB224,882
913,Dare Ogunbowale,WAS,4,29,RB,RB225,883
914,Alex Gray,ATL,8,32,TE,TE168,884
915,Colby Pearson,ATL,8,28,WR,WR327,885
916,Dan Arnold,NO,6,28,TE,TE169,886
917,Lance Lenoir,DAL,8,28,WR,WR328,887
918,Fred Brown,LAR,12,29,WR,WR329,888
919,Adam Zaruba,PHI,9,32,TE,TE170,889
920,Levonte Whitfield,CIN,9,null,WR,WR330,890
921,Darius Victor,ARI,9,29,RB,RB226,891
922,Josh Rounds,CLE,11,29,RB,RB227,892
923,Rashard Davis,PHI,9,27,WR,WR331,893
924,Daniel Williams,NYJ,11,27,WR,WR332,894
925,Justice Liggins,IND,9,28,WR,WR333,895
926,Francis Owusu,MIA,11,28,WR,WR334,896
927,River Cracraft,DEN,10,28,WR,WR335,897
928,Kent Taylor,CAR,4,null,TE,TE171,898
929,Jevoni Robinson,HOU,10,30,TE,TE172,899
930,Chris Bazile,WAS,4,31,TE,TE173,900
931,Brandon Zylstra,MIN,10,30,WR,WR336,901
932,Lamar Atkins,JAX,9,29,WR,WR337,902
933,Josh Huff,NO,6,31,WR,WR338,903
934,Kyle Carter,SEA,7,30,TE,TE174,904
935,DeVier Posey,BAL,10,33,WR,WR339,905
936,Montay Crockett,HOU,10,29,WR,WR340,906
937,Matt McGloin,KC,12,33,QB,QB112,907
938,Griff Whalen,LV,7,33,WR,WR341,908
939,Taylor Bertolet,NYJ,11,30,K,K45,909
940,Nelson Spruce,KC,12,30,WR,WR342,910
941,Josiah Price,MIN,10,30,TE,TE175,911
942,Justin Thomas,PIT,7,29,WR,WR343,912
943,Patrick Ricard,BAL,10,29,FB,RB228,913
944,Brett Maher,DAL,8,33,K,K46,914
945,Tim Wright,KC,12,33,TE,TE176,915
946,Bryce Williams,ARI,9,30,TE,TE177,916
947,Beau Sandland,ARI,9,30,TE,TE178,917
948,Marlon Brown,CHI,5,32,WR,WR344,918
949,Mark Andrews,BAL,10,27,TE,TE179,920
950,Mason Rudolph,PIT,7,28,QB,QB113,921
951,Kyle Lauletta,NYG,9,28,QB,QB114,922
952,Chris Herndon,NYJ,11,27,TE,TE180,923
953,Luke Falk,MIA,11,28,QB,QB115,924
954,Cedrick Wilson Jr.,DAL,8,27,WR,WR345,925
955,Tanner Lee,JAX,9,28,QB,QB116,926
956,Danny Etling,NE,11,29,QB,QB117,927
957,Alex McGough,SEA,7,27,QB,QB118,928
958,Logan Woodside,CIN,9,28,QB,QB119,929
959,Corey Willis,ARI,9,28,WR,WR346,930
960,Simmie Cobbs,WAS,4,27,WR,WR347,931
961,Ross Dwelley,SF,11,28,TE,TE181,932
962,Mikah Holder,WAS,4,27,WR,WR348,933
963,Steven Dunbar,SF,11,27,WR,WR349,934
964,Jack Heneghan,SF,11,27,QB,QB120,935
965,Trevor Moore,TB,5,27,K,K47,936
966,Moritz Böhringer,CIN,9,29,TE,TE182,937
967,Cole Hunt,LAC,8,28,TE,TE183,938
968,Mike Boone,MIN,10,28,RB,RB229,939
969,Korey Robertson,MIN,10,28,WR,WR350,940
970,Jake Wieneke,MIN,10,28,WR,WR351,941
971,Jason Reese,TB,5,27,TE,TE184,942
972,Nic Shimonek,LAC,8,28,QB,QB121,943
973,Detrez Newsome,LAC,8,29,RB,RB230,944
974,JJ Jones,LAC,8,30,WR,WR352,945
975,Ben Johnson,LAC,8,29,TE,TE185,946
976,Kamryn Pettway,MIN,10,null,RB,RB231,947
977,Roc Thomas,MIN,10,27,RB,RB232,948
978,Jeff Badet,MIN,10,28,WR,WR353,949
979,Tyler Hoppes,MIN,10,28,TE,TE186,950
980,Austin Allen,TB,5,28,QB,QB122,951
981,Donnie Ernsberger,TB,5,26,TE,TE187,952
982,Kent Shelby,LAC,8,27,WR,WR354,953
983,Anthony Manzo-Lewis,LAC,8,27,TE,TE188,954
984,Armanti Foreman,MIN,10,null,WR,WR355,955
985,Peter Pujals,MIN,10,28,QB,QB123,956
986,Shaun Wilson,TB,5,27,RB,RB233,957
987,Ervin Phillips,TB,5,28,RB,RB234,958
988,Sergio Bailey,TB,5,28,WR,WR356,959
989,Tanner Hudson,TB,5,28,TE,TE189,960
990,John Diarse,DEN,10,28,WR,WR357,961
991,Steven Mitchell Jr.,LAR,12,29,WR,WR358,962
992,Martez Carter,WAS,4,30,RB,RB235,963
993,Phillip Lindsay,DEN,10,29,RB,RB236,964
994,Michael Badgley,IND,9,28,K,K48,965
995,Matt Flanagan,WAS,4,28,TE,TE190,966
996,Jimmy Williams,DEN,10,28,WR,WR359,967
997,Steve Ishmael,IND,9,28,WR,WR360,968
998,De'Mornay Pierson-El,WAS,4,27,WR,WR361,969
999,Laquvionte Gonzalez,LAR,12,null,WR,WR362,970
1000,Ricky Jeune,LAR,12,29,WR,WR363,971
1001,Shay Fields,WAS,4,27,WR,WR364,972
1002,Cam Sims,WAS,4,27,WR,WR365,973
1003,Jeff Wilson Jr.,SF,11,27,RB,RB237,974
1004,Elijah Wellman,WAS,4,28,FB,RB238,975
1005,Kyle Allen,CAR,4,27,QB,QB124,976
1006,Trent Sherfield,ARI,9,27,WR,WR366,977
1007,Andrew Vollert,ARI,9,28,TE,TE191,978
1008,Kurt Benkert,ATL,8,28,QB,QB125,979
1009,Demario Richard,ATL,8,26,RB,RB239,980
1010,Malik Williams,ATL,8,27,RB,RB240,981
1011,Luke McNitt,ATL,8,29,FB,RB241,982
1012,Jaelon Acklin,BAL,10,27,WR,WR367,983
1013,Reggie Bonnafon,CAR,4,27,RB,RB242,984
1014,Dalton Sturm,DAL,8,27,QB,QB126,985
1015,Jordan Chunn,DAL,8,28,RB,RB243,986
1016,Malik Earl,DAL,8,null,WR,WR368,987
1017,Kevin Rader,GB,7,28,TE,TE192,988
1018,J.T. Barrett,NO,6,28,QB,QB127,989
1019,Allen Lazard,JAX,9,27,WR,WR369,990
1020,Marchie Murdock,DAL,8,28,WR,WR370,991
1021,David Wells,DAL,8,28,TE,TE193,992
1022,Chad Kanoff,ARI,9,28,QB,QB128,993
1023,Austin Ramesh,ARI,9,null,FB,RB244,994
1024,Lamar Jordan,ATL,8,28,QB,QB129,995
1025,Daniel Marx,ATL,8,27,FB,RB245,996
1026,Christian Blake,ATL,8,27,WR,WR371,997
1027,Dontez Byrd,ATL,8,27,WR,WR372,998
1028,Detrich Clark,ATL,8,null,WR,WR373,999
1029,Devin Gray,ATL,8,28,WR,WR374,1000
1030,Troy Mangen,ATL,8,29,TE,TE194,1001
1031,Jake Roh,ATL,8,null,TE,TE195,1002
1032,David Marvin,ATL,8,28,K,K49,1003
1033,Gus Edwards,BAL,10,28,RB,RB246,1004
1034,Andre Levrone,BAL,10,28,WR,WR375,1005
1035,Tim Boyle,GB,7,28,QB,QB130,1006
1036,Dimitri Flowers,NYJ,11,27,FB,RB247,1007
1037,Dorren Miller,JAX,9,28,WR,WR376,1009
1038,Jalen Tolliver,ARI,9,27,WR,WR377,1010
1039,Jonah Trinnaman,ARI,9,27,WR,WR378,1011
1040,Alec Bloom,ARI,9,27,TE,TE196,1012
1041,Matthew McCrane,ARI,9,28,K,K50,1013
1042,Sergio Bailey II,TB,5,31,WR,WR379,1014
1043,Justin Crawford,ATL,8,28,RB,RB248,1015
1044,Chris Ezeala,BAL,10,27,RB,RB249,1016
1045,Christian Scotland-Williamson,PIT,7,30,TE,TE197,1017
1046,Mark Thompson,BAL,10,28,RB,RB250,1018
1047,De'Lance Turner,BAL,10,27,RB,RB251,1019
1048,Nick Keizer,BAL,10,28,TE,TE198,1020
1049,Saeed Blacknall,LV,7,27,WR,WR380,1021
1050,Da'Mari Scott,CLE,11,27,WR,WR381,1022
1051,Eddy Piñeiro,LV,7,27,K,K51,1023
1052,Byron Pringle,KC,12,29,WR,WR382,1024
1053,Marcus Baugh,LV,7,28,TE,TE199,1025
1054,Caleb Scott,SEA,7,27,WR,WR383,1026
1055,Taj Williams,SEA,7,30,WR,WR384,1027
1056,Chase Litton,KC,12,27,QB,QB131,1028
1057,Blake Mack,KC,12,27,TE,TE200,1029
1058,Jarvion Franklin,PIT,7,27,RB,RB252,1030
1059,Quadree Henderson,PIT,7,26,WR,WR385,1031
1060,Ka'raun White,SEA,7,30,WR,WR386,1032
1061,Nick Sharga,LV,7,null,FB,RB253,1033
1062,Derrick Willies,CLE,11,28,WR,WR387,1034
1063,Elijah Marks,KC,12,null,WR,WR388,1035
1064,Darrel Williams,KC,12,28,RB,RB254,1036
1065,Marcus Martin,SEA,7,null,RB,RB255,1037
1066,Dontrell Hilliard,CLE,11,28,RB,RB256,1038
1067,Khalid Hill,SEA,7,28,FB,RB257,1039
1068,Julian Allen,CLE,11,29,FB,RB258,1040
1069,Ryan Smith,GB,7,27,TE,TE201,1041
1070,Johnny Stanton IV,MIN,10,28,FB,RB259,1042
1071,Chad Beebe,MIN,10,29,WR,WR389,1043
1072,Janarion Grant,BAL,10,29,WR,WR390,1044
1073,Keith Kirkwood,NO,6,28,WR,WR391,1045
1074,Josh Adams,PHI,9,26,RB,RB260,1046
1075,Deon Yelder,NO,6,28,TE,TE202,1047
1076,Pharoah McKever,PIT,7,29,TE,TE203,1048
1077,Henry Poggi,LV,7,28,FB,RB261,1049
1078,Chris Warren III,LV,7,27,RB,RB262,1050
1079,Paul Butler,LV,7,30,TE,TE204,1051
1080,Jordan Smallwood,KC,12,28,WR,WR392,1052
1081,Quinton Flowers,CIN,9,28,QB,QB132,1053
1082,Terry Swanson,HOU,10,26,RB,RB263,1054
1083,Jawill Davis,NYG,9,28,WR,WR393,1055
1084,Akrum Wadley,TEN,8,28,RB,RB264,1056
1085,Ethan Wolf,TEN,8,27,TE,TE205,1057
1086,Robert Foster,BUF,11,29,WR,WR394,1058
1087,Ray Lawry,CIN,9,26,RB,RB265,1059
1088,Jordan Franks,CIN,9,27,TE,TE206,1060
1089,Lavon Coleman,HOU,10,28,RB,RB266,1061
1090,Vyncint Smith,HOU,10,27,WR,WR395,1062
1091,Jester Weah,HOU,10,28,WR,WR396,1063
1092,Cameron Batson,TEN,8,27,WR,WR397,1064
1093,Deontay Burnett,TEN,8,25,WR,WR398,1065
1094,Devin Ross,TEN,8,27,WR,WR399,1066
1095,Jordan Veasy,TEN,8,28,WR,WR400,1067
1096,Devonte Boyd,CIN,9,28,WR,WR401,1068
1097,Anthony Mahoungou,PHI,9,29,WR,WR402,1069
1098,Larry Rose,TEN,8,27,RB,RB267,1070
1099,Stephen Baggett,NYG,9,27,TE,TE207,1071
1100,Keith Ford,BUF,11,29,RB,RB268,1072
1101,Cam Phillips,BUF,11,27,WR,WR403,1073
1102,Dalyn Dawkins,TEN,8,28,RB,RB269,1074
1103,Ryan Nall,CHI,5,27,RB,RB270,1075
1104,Ralph Webb,NE,11,28,RB,RB271,1076
1105,Kyle Lewis,DET,6,28,WR,WR404,1077
1106,Tyler Davis,BUF,11,28,K,K52,1078
1107,Teo Redding,DET,6,28,WR,WR405,1079
1108,Deandre Goolsby,DET,6,27,TE,TE208,1080
1109,Buddy Howell,MIA,11,27,RB,RB272,1081
1110,Greg Joseph,MIA,11,28,K,K53,1082
1111,Garrett Johnson,CHI,5,27,WR,WR406,1083
1112,Brandon Powell,DET,6,27,WR,WR407,1084
1113,Chris Lacy,NE,11,27,WR,WR408,1085
1114,Shane Wimann,NE,11,28,RB,RB273,1086
1115,Shaq Roland,CHI,5,null,WR,WR409,1087
1116,Marcus Lucas,DET,6,31,WR,WR410,1088
1117,Alonzo Russell,NYG,9,30,WR,WR411,1089
1118,Damoun Patterson,PIT,7,28,WR,WR412,1090
1119,Brogan Roback,CLE,11,28,QB,QB133,1091
1120,Zach Olstad,BUF,11,29,RB,RB274,1092
1121,Matt Fleming,CHI,5,null,WR,WR413,1093
1122,Robert Martin,NYG,9,27,RB,RB275,1094
1123,Deontez Alexander,DET,6,27,WR,WR414,1095
1124,Codey McElroy,LAR,12,30,TE,TE209,1096
1125,Darvin Kidsy,WAS,4,28,WR,WR415,1097
1126,Luis Perez,LAR,12,28,QB,QB134,1098
1127,John Franklin,CHI,5,28,WR,WR416,1099
1128,C.J. Duncan,ARI,9,28,WR,WR417,1100
1129,Ryan Yurachek,NO,6,26,TE,TE210,1101
1130,Tim Wilson,PHI,9,29,WR,WR418,1102
1131,Clayton Wilson,SEA,7,28,TE,TE211,1103
1132,Nick Holley,LAR,12,28,WR,WR419,1104
1133,Davon Grayson,KC,12,27,WR,WR420,1105
1134,Eldridge Massington,NO,6,28,WR,WR421,1106
1135,Keenan Reynolds,SEA,7,28,WR,WR422,1107
1136,Thomas Sperbeck,TB,5,28,WR,WR423,1108
1137,Nick Stevens,DEN,10,28,QB,QB135,1109
1138,Kayaune Ross,IND,9,29,WR,WR424,1110
1139,Garrett Hudson,WAS,4,28,TE,TE212,1111
1140,Austin Roberts,LAC,8,27,TE,TE213,1112
1141,Sherman Badie,ARI,9,28,RB,RB276,1113
1142,Jaeden Graham,ATL,8,27,TE,TE214,1114
1143,Wes Saxton,DET,6,29,TE,TE215,1115
1144,Garrett Dickerson,NYG,9,27,TE,TE216,1116
1145,Ross Martin,CLE,11,30,K,K54,1117
1146,Algernon Brown,KC,12,31,FB,RB277,1118
1147,Josh Crockett,KC,12,28,WR,WR425,1119
1148,Josh Smith,NO,6,null,WR,WR426,1120
1149,Greg Little,ARI,9,34,WR,WR427,1121
1150,Isaiah McKenzie,DEN,10,28,WR,WR428,1122
1151,Jake Rudock,DET,6,30,QB,QB136,1123
1152,Andre Roberts,NYJ,11,35,WR,WR429,1124
1153,KD Cannon,DAL,8,27,WR,WR430,1125
