"#","Player","Pos","Team","1","2","3","4","5","6","7","8","9","10","11","12","13","14","15","16","17","AVG","TTL"
"1","Josh Allen","QB","BUF","28.2","34.5","32.2","25.4","18.3","16.1","16.4","13.5","36","29.4","BYE","16.5","30.1","19.3","37.7","32.3","20.3","25.4","406.1"
"2","Kyler Murray","QB","ARI","27.3","33.1","24.7","23.1","27.3","28.9","38.1","BYE","37.9","30.9","20.3","8.9","17.4","18.5","34.1","16.4","3.8","24.4","390.7"
"3","Aaron Rodgers","QB","NYJ","30.8","19.2","24.5","29.6","-","5.8","27.3","22.5","28.9","26.4","22.7","25.6","23.5","30.9","18.3","26.1","26","24.3","388.3"
"4","Patrick Mahomes II","QB","KC","20.4","27.5","40","20.2","30.7","20.6","12","36.6","31.5","BYE","22.5","31.3","19.3","21.6","25.9","20.2","-","25.4","380.4"
"5","Alvin Kamara","RB","NO","23.7","38.4","44.7","20.9","19.9","BYE","22.8","25.3","15.9","34.8","10.5","6.2","17.7","22.4","18.4","56.2","-","25.2","377.8"
"6","Deshaun Watson","QB","CLE","21.8","15.7","18.1","20.9","26.9","32","24.2","-","24.2","14.1","31.4","33.1","20.4","16.6","23.4","26.8","26.8","23.5","376.3"
"7","Russell Wilson","QB","DEN","31.8","34.4","36.8","21.9","25.5","-","32.9","28.7","24.1","11.9","20.1","14.4","16","23.1","13","19.9","18.1","23.3","372.8"
"8","Davante Adams","WR","LV","41.6","6.6","-","-","-","12.1","44.6","30.3","33.3","18.6","23.6","18.1","34.1","24.5","11.2","43.2","16.6","25.6","358.4"
"9","Ryan Tannehill","QB","TEN","19.4","26.8","13.7","BYE","30","29.6","17.3","18.3","14.6","10.8","22.9","19.1","28.6","16.5","37","18.3","28.4","22","351.4"
"10","Tom Brady","QB","FA","22.5","9.7","23.9","33.5","14.1","14.6","36.9","19.1","5.4","31.8","14.6","23.7","-","15.6","23.4","29.9","31.3","21.9","349.9"
"11","Justin Herbert","QB","LAC","-","23.2","15.7","24","27.4","BYE","38.5","23.2","23.4","21.5","27.7","17.4","6.4","16.7","28","16.7","33","22.9","342.8"
"12","Lamar Jackson","QB","BAL","27.5","17.6","14.2","26","14.5","28.2","BYE","16.8","18.6","22.5","17.5","-","26.7","34.9","30.2","21.3","25.2","22.8","341.8"
"13","Dalvin Cook","RB","FA","21.8","17.1","25.9","28.6","19.9","-","-","48.6","39.2","15.2","25","10.2","23.9","19","26.9","16.5","-","24.1","337.8"
"14","Derrick Henry","RB","TEN","16.1","8.4","27","BYE","19.3","40.4","15.2","17.2","6.8","11.9","20.2","38.5","5.9","36.2","25.2","9.8","35","20.8","333.1"
"15","Tyreek Hill","WR","MIA","15.6","21.8","21.2","16.4","18.3","5.5","17.5","25.8","33.1","-","27","57.9","14.8","26.1","17.4","10.5","-","21.9","328.9"
"16","Stefon Diggs","WR","BUF","16.6","29.3","14.9","17.5","20.6","16.6","10.8","15.2","20.8","25.3","BYE","10.9","19.2","29.1","25.7","41.5","14.6","20.5","328.6"
"17","Kirk Cousins","QB","MIN","22.8","1.5","21.4","14.9","15.2","26.7","BYE","10.4","20.8","18.6","23","26.2","22.4","17.1","20.3","23.6","34.3","20","319.2"
"18","Travis Kelce","TE","KC","17","24","14.7","10","24.8","21.5","6.1","24.9","25.9","BYE","26.9","16.2","27.6","27.6","22.8","22.8","-","20.9","312.8"
"19","Matt Ryan","QB","FA","24.9","28.5","12.4","12.4","7.9","31.6","17.5","18.9","23.4","-","7.3","14.9","12.9","10.3","27.8","19.9","22.7","18.3","293.4"
"20","DeAndre Hopkins","WR","TEN","29.1","20.8","23.7","11.1","25.1","9.3","24.3","-","6","25.7","10.1","10.5","19.2","22.6","30","12.8","7.5","18","287.8"
"21","Calvin Ridley","WR","JAC","33.9","29.9","16.7","0","21.6","18.9","19.9","7.2","-","-","14","17","15.8","26.4","32.3","17.3","10.6","18.8","281.5"
"22","Derek Carr","QB","NO","13.6","21.7","15.4","20.4","25","BYE","20.3","12.5","14","7.2","22.6","1.6","32.7","25.8","2.1","23.2","22.9","17.6","281.1"
"23","Darren Waller","TE","NYG","10.5","28.5","2.9","15.8","15.8","-","17","7.7","13.2","6.7","21.8","6.3","45","14.5","30","16.2","26.7","17.4","278.6"
"24","Ben Roethlisberger","QB","FA","22.1","19.2","19.2","-","21.4","11","15.6","15.3","25","29.3","17.7","13.5","19.2","15.5","7.7","25.5","-","18.5","277.2"
"25","Justin Jefferson","WR","MIN","4.6","7.4","30.5","14.3","5.3","39.6","BYE","5.6","9.4","21.5","17.6","26","27.3","9.9","18.4","14.5","22.3","17.1","274.2"
"26","DK Metcalf","WR","SEA","19.5","19.2","19","14.6","27.3","BYE","4.3","40.1","23.8","4.8","13.6","27.7","13","18.1","9.3","11.9","5.1","17","271.3"
"27","Cam Newton","QB","FA","25.7","35.6","12.2","-","-","20.5","2.8","18.4","24.6","16.8","19.2","6","23.6","5.4","12.2","9.8","38.5","18.1","271"
"28","Matthew Stafford","QB","LAR","17.2","17.2","18.5","23.3","-","13.3","18.4","23.4","10.4","23","7.6","17.1","27.1","14.4","15.3","0.7","23.6","16.9","270.6"
"29","Tyler Lockett","WR","SEA","17.2","19.7","37","5.9","8.4","BYE","53","7.3","8","11.6","21.7","5.3","12.3","10.2","7.4","7.4","33","16.6","265.4"
"30","David Montgomery","RB","DET","8.4","21.7","7.4","10.7","18.9","13.7","11.9","12.5","5.2","-","-","25.3","27.1","24.5","29.2","20.1","28.2","17.7","264.8"
"31","Allen Robinson II","WR","PIT","12.3","6.3","28.3","23.1","19","10.3","11","20.7","15.1","10.3","-","27.4","13.5","27.3","12.3","20.3","5.7","16.4","262.9"
"32","Aaron Jones","RB","GB","17.6","45.6","16.6","22.1","BYE","13.1","-","-","12.9","14.5","17.1","10","23.8","9.5","24.8","12.8","18.5","18.5","258.9"
"33","Baker Mayfield","QB","TB","10.9","16.3","14.3","15.2","17.6","7.3","30.8","7.8","-","5.4","7.1","18.4","29.5","31","21","8","16.2","16","256.6"
"34","Adam Thielen","WR","CAR","31","6.1","12.3","26.2","29.3","14.1","-","5.7","5.8","20.3","32.3","-","21.5","6.9","9.1","23.7","9.7","16.9","254"
"35","Jared Goff","QB","DET","11.5","24","28.2","11.7","25.4","15.9","16.9","12.2","-","10.5","25","5","24.1","15.6","16.3","10.7","-","16.9","253"
"36","Jonathan Taylor","RB","IND","14.9","19","13.2","8.9","15.4","15.5","BYE","5.1","9.4","5.7","15.4","-","22.5","30.5","19.5","19.4","38.4","16.9","252.8"
"37","Teddy Bridgewater","QB","FA","19.4","10.7","14.6","27.2","20.8","11.4","19.2","13","28.3","20","-","14.9","-","20.4","16.9","9.6","5.7","16.8","252.2"
"38","Philip Rivers","QB","FA","16.8","11.9","12.7","11.2","7.6","25.7","-","22.3","8.1","16.3","22.4","18.8","19.2","17.8","17","11.8","11.4","15.7","251"
"39","James Robinson","RB","NYG","10","21","30.9","14.7","10","15.3","31.7","-","15.9","13.2","11.4","26.9","22.8","12.3","14.3","-","-","17.9","250.4"
"40","Mike Evans","WR","TB","7.2","23.4","14.2","25.2","15.1","2","5.7","16.5","10.4","19.7","15.9","20","BYE","8.6","17","40.1","7.6","15.5","248.6"
"41","A.J. Brown","WR","PHI","8.9","-","-","-","21.2","22.8","27.3","12.4","20.1","3.1","16.2","25.8","10.7","24.2","15.4","8.3","31.1","17.7","247.5"
"42","Keenan Allen","WR","LAC","7.7","16.6","30.2","14.2","10.9","BYE","22.5","21.7","25.3","12.9","34.5","16","9.8","20.2","2.6","-","-","17.5","245.1"
"42","Robert Woods","WR","HOU","17.9","11.3","21.4","9.8","17.1","14","5.5","28.4","-","8.6","30.6","15.8","18.5","8.1","21.6","8.9","7.6","15.3","245.1"
"44","Amari Cooper","WR","CLE","18.1","16","17.6","33.4","4.1","20.9","15.5","1.5","12.5","-","14.1","23.2","16.3","15.1","2.3","16.1","10.1","14.8","236.8"
"45","JuJu Smith-Schuster","WR","NE","24.9","11.8","16.3","-","6.8","2.6","17.5","13.7","21.3","22.7","5.9","17.7","9.8","17.5","2.5","24.6","18.5","14.6","234.1"
"46","Brandin Cooks","WR","DAL","4","14.5","5.3","0","30.1","21.8","13","-","17.3","9.9","12.5","13.5","11.5","-","11.9","27.1","39.6","15.5","232"
"47","Josh Jacobs","RB","LV","35.9","13.5","9.3","10.3","22.5","BYE","6.1","12.9","13.8","29.6","13.4","5.4","-","10.4","20.4","6.9","20.9","15.4","231.3"
"48","Marvin Jones Jr.","WR","DET","9.5","12.3","8.1","1.9","BYE","2.8","13","18.9","13.3","23.6","9.1","10.8","25.6","8.8","27.2","4.9","38","14.2","227.8"
"49","Robbie Chosen","WR","MIA","25.4","17.9","10.5","17.9","19.5","11.7","13.4","9.8","15.3","6.1","11.6","19.4","-","17.7","4","16.9","7","14","224.1"
"50","Terry McLaurin","WR","WAS","11.1","25.5","12.6","21.8","5.6","14.4","22","BYE","24.5","17.2","13.4","16.2","3.4","4.4","14.7","-","17","14.9","223.8"
"51","Ezekiel Elliott","RB","FA","27.7","22.2","17.8","20.5","23.5","12","6.1","8.3","8.9","-","19.4","2.9","13.5","7.9","-","17.9","15.1","14.9","223.7"
"52","Diontae Johnson","WR","PIT","9.7","23.2","0.9","BYE","0.8","-","29","1.6","14.1","23.6","23.1","12.6","21.1","8","19.9","21.6","12.6","14.8","221.8"
"53","Kareem Hunt","RB","FA","12.1","24.1","14.4","19.1","18.3","7.7","19.2","9.3","-","16.2","9.1","6.2","8.7","29","5.8","14.2","5.1","13.7","218.5"
"54","CeeDee Lamb","WR","DAL","10.9","17.5","11.6","25.2","20.4","13.4","0.1","8.6","15.1","BYE","16.6","7.1","10.6","8.1","19.5","23.4","9.6","13.6","217.7"
"55","Drew Brees","QB","FA","14.4","15.5","23.5","16.5","22.1","-","23.7","19.6","22.7","6.9","-","-","-","-","20.4","10.1","20","18","215.5"
"56","Chase Claypool","WR","CHI","6.7","17.8","3.4","-","42.6","18.1","0.8","13.2","15.3","21.3","15.9","11.2","5.8","4.5","7.8","9.4","21.1","13.4","214.9"
"57","Carson Wentz","QB","FA","15","14.4","23.5","22.4","19.4","29.4","28.8","10.6","-","8.7","16.4","19.8","5","-","-","-","-","17.8","213.4"
"58","Curtis Samuel","WR","WAS","9.3","5.9","9.2","7.8","11.4","-","17.3","21.4","26.8","4.2","21.4","12.7","-","16","8.8","20.8","19.1","14.1","212.1"
"59","DJ Moore","WR","CHI","9.4","20","8.5","8.9","19.3","14.3","25.3","7.5","3.8","19.6","21.8","10.1","-","-","19.2","8.7","15.1","14.1","211.5"
"60","Cooper Kupp","WR","LAR","8","13","25.7","17.7","11.6","4.1","11.9","22","BYE","10","25.5","6.1","15.3","14.3","8.9","14.6","-","13.9","208.7"
"61","Nick Chubb","RB","CLE","5.6","26.3","24","4.3","-","-","-","-","BYE","18.6","11.4","26.6","17.6","24.3","14.6","17.6","16.8","17.3","207.7"
"62","Cole Beasley","WR","NYG","9.8","12","16","12.2","11.3","14.5","22.2","4.4","6.9","27.9","BYE","9.3","28","9.1","19.2","4.7","-","13.8","207.5"
"63","Mike Davis","RB","FA","0","15.5","23.1","22.1","29.9","11.5","8.6","8.7","8.7","8.4","15.9","10.9","-","26.3","8.1","8.8","-","13.8","206.5"
"64","Antonio Gibson","RB","WAS","6.4","12.2","13","22.8","10.1","9.5","18.8","BYE","12.5","22.5","17.4","36.6","1.4","-","-","9.9","9.1","14.4","202.2"
"65","Melvin Gordon III","RB","BAL","15.6","16.4","7.8","25.8","-","-","12","10.7","3.7","4.6","18.4","3.1","15.2","12.1","24.1","7.9","21","13.2","198.4"
"66","Drew Lock","QB","SEA","13.1","-1.2","-","-","-","5.5","15","20.8","30.2","11","12.1","-","12.9","25.6","11","16.1","24.3","15.1","196.3"
"67","Tee Higgins","WR","CIN","0","6.5","21","13","10.2","18.7","18.8","14.4","BYE","22.5","5.6","15.4","10.6","9.9","6.1","21.9","0","12.2","194.6"
"68","Nyheim Hines","RB","BUF","27.3","1.4","10.1","6.2","5","7.7","-","21.2","5.8","28.5","8.3","17.5","12.2","11.5","7.4","10.4","12.7","12.1","193.2"
"69","Tyler Boyd","WR","CIN","7.3","20.2","22.5","16.4","8.2","12.9","27.7","19.6","BYE","10.1","17.5","4.5","14.2","9.3","0","-","2.2","12.8","192.6"
"70","Kenyan Drake","RB","FA","14.5","11.5","8.9","3.5","13.2","28.4","5.1","-","-","9.9","16","24.3","13.8","16","6","13","8.1","12.8","192.2"
"71","Corey Davis","WR","NYJ","17.1","12.6","11.9","-","-","-","15.5","26.8","0","11.7","16.3","10","35.2","4.4","21","0","8.9","13.7","191.4"
"72","J.D. McKissic","RB","FA","0.9","5.3","8.2","9.6","10.9","14.4","7.1","-","17.2","17.9","9.9","4.7","17.8","10.6","25.7","23.2","8","12","191.4"
"73","Chris Godwin","WR","TB","13.9","-","17.4","-","-","9.8","23.8","-","7.1","15.2","18.3","17.7","BYE","4.5","13.6","19.4","30.3","15.9","191"
"74","Daniel Jones","QB","NYG","19.4","8.7","9.1","11.1","8.2","14.9","21.7","18.2","12.9","22.2","BYE","10.4","-","3.1","-","14.4","15.9","13.6","190"
"75","D'Andre Swift","RB","PHI","11.3","12.2","2.9","15.2","-","27.3","14.8","5.3","12.7","25.9","-","-","-","15","22.2","9","16","14.6","189.8"
"76","William Fuller V","WR","FA","19.2","0","15.4","22.8","15.8","24.3","12.5","-","21","8.8","14","35.1","-","-","-","-","-","17.2","188.9"
"77","Jarvis Landry","WR","FA","11.1","7.6","7.6","15.3","12.8","7","11","9.2","-","5.9","4.6","28.3","20.4","11.7","19.1","-","16.4","12.5","188"
"78","Chris Carson","RB","FA","24.6","19.8","10.6","25","19.9","-","5.1","-","-","-","-","13.9","20","18.8","8.9","10.9","10.3","15.7","187.8"
"79","Ronald Jones II","RB","DAL","10.2","10.7","9.3","18.8","15.5","26.1","10.6","6.6","4.8","24.8","2.4","17.3","-","15.4","-","-","13.8","13.3","186.3"
"80","Nelson Agholor","WR","BAL","9.3","2.9","5.2","14.4","14.7","-","21.7","0","13.5","1.8","20.8","10.4","7.8","21","8.9","26.5","6.7","11.6","185.6"
"81","Brandon Aiyuk","WR","SF","-","4.1","21.1","13.6","7.4","9.2","17.5","23.1","-","19.7","BYE","-","20.5","21.9","22.3","4.1","-","15.4","184.5"
"82","Marquise Brown","WR","ARI","15.1","9.2","3.3","12.6","19.8","9.7","-","7.3","6.8","3.4","0","18.5","14.9","13","15.8","12.5","21.1","11.4","183"
"83","Russell Gage","WR","TB","20.4","16.6","4.6","4","3.6","10.5","11.4","4.5","3.1","-","12.8","6.4","15.1","18.8","17.8","6.3","25.2","11.3","181.1"
"84","David Johnson","RB","FA","19.9","7","12.6","11.2","12.3","13.9","16.4","-","1.6","-","-","-","10.4","-","24.3","28.9","21","15","179.5"
"85","Joe Burrow","QB","CIN","17.3","24.5","20.4","16.1","5.3","17.7","34.6","18.9","BYE","12.5","11.3","-","-","-","-","-","-","17.9","178.7"
"86","Logan Thomas","TE","WAS","13.7","6.6","7.1","1.8","1.4","13.2","16","BYE","5.8","10.6","2.8","13.4","24.8","10.3","23.1","13.3","12.7","11","176.6"
"87","Robert Tonyan","TE","CHI","0","10.5","16","33.8","-","5.5","5.2","12.9","1.5","6.3","15.4","17.7","13.9","14.6","10.8","2.7","9.8","11","176.6"
"88","Clyde Edwards-Helaire","RB","KC","19.8","13","18.4","12.1","11","20.9","13.3","6.1","12.4","BYE","20.7","4.9","-","14.1","9.3","-","-","13.5","176"
"89","T.J. Hockenson","TE","MIN","16.6","10.2","9.3","10.9","-","9.7","16.9","13.5","14.9","3.3","10.8","13.9","15.4","16.3","1.8","6.3","5.5","11","175.3"
"90","Michael Gallup","WR","DAL","8","7.8","25.8","4.9","11.3","4.3","0","13.1","6.6","BYE","4.9","10.1","21.6","4.3","11.6","30.1","8.9","10.8","173.3"
"91","Jamison Crowder","WR","NYG","24.5","-","-","17.4","25.6","11.8","-","-","10.6","-","2.6","6.1","21.7","2.7","12.6","29.3","7.1","14.3","172"
"91","Jason Sanders","K","MIA","4","11","7","18","22","6","BYE","4","14","14","10","12","14","10","2","15","9","10.8","172"
"93","Miles Sanders","RB","CAR","-","20.1","14.7","9.6","23.9","12.2","-","-","-","13.5","9.1","6.2","3.1","29.6","10","18.4","-","14.2","170.4"
"94","Mark Andrews","TE","BAL","22.8","3.9","5.2","20.7","17.6","4.1","BYE","6.2","5.2","13.1","20.6","-","-","12.8","17.6","13.6","6.7","12.2","170.1"
"95","J.K. Dobbins","RB","BAL","14.2","7.1","8.4","2.7","8.5","4.9","BYE","13.1","5.5","2.4","18.5","-","13.1","13.3","15.1","13.7","28","11.2","168.5"
"96","Chase Edmonds","RB","TB","13.5","4.3","5.4","15","20.2","3.9","21.5","-","11.8","10.7","14.9","8.3","6.3","9.3","15.6","2.8","4.5","10.5","168"
"96","Younghoe Koo","K","ATL","9","17","8","-","13","20","2","13","12","BYE","13","21","12","6","11","2","9","11.2","168"
"98","DeVante Parker","WR","NE","8.7","16.3","11.9","21","13","6.5","-","7.3","12.4","5.1","18.1","19.9","7.5","0","-","-","18.6","11.9","166.3"
"99","Gardner Minshew II","QB","IND","20.8","25.5","10.2","21.9","19.8","19.1","19","-","-","-","-","-","-","13.3","15.9","-","-","18.4","165.7"
"100","Austin Ekeler","RB","LAC","9.7","18.8","31.3","2.4","-","BYE","-","-","-","-","-","23.9","10.8","23.6","11.9","15.8","17.1","16.5","165.3"
"101","Emmanuel Sanders","WR","FA","10.5","2.8","15.6","15.3","24.2","-","-","-","13.8","1.5","10.6","1.4","8.9","13.8","11.6","13.5","21.3","11.8","164.8"
"102","James Conner","RB","ARI","3.7","20.1","24.9","-","15.3","17.2","14.1","15","4","6.8","12.9","-","-","1.8","-","17.6","11.2","12.7","164.6"
"103","T.Y. Hilton","WR","FA","9.3","5.8","8.2","5.9","12.9","2.1","-","2.9","-","8","6.6","18.1","25","25.6","11.1","9","13.7","10.9","164.2"
"104","Myles Gaskin","RB","MIA","10.6","14.2","14.5","9.2","20.1","16.6","BYE","13.3","-","-","-","-","14.1","-","-","33.9","17.7","16.4","164.2"
"105","Sterling Shepard","WR","NYG","10.7","5.5","-","-","-","-","17.9","15.4","11.7","10.7","BYE","13.8","5.2","6.5","8.8","22.7","33.6","13.5","162.5"
"106","Ryan Fitzpatrick","QB","FA","8.4","24.3","25.2","23.3","27.6","18","-","-","-","-","4.3","19.3","-","0","-","11.3","-","16.2","161.7"
"107","Mitch Trubisky","QB","PIT","24.3","15.2","12.6","BYE","-","-","-","0.3","-","-","-","20.7","13.3","25","14.5","24.6","11.3","16.2","161.7"
"108","Tim Patrick","WR","DEN","6.9","4.4","14.3","23.3","BYE","14.1","7.4","-","12.9","10.1","16.9","0","20.4","12.6","4.4","6.9","6.6","10.7","161.2"
"109","Mike Gesicki","TE","NE","6","27","8.5","2.5","14.1","0","-","1.8","7.2","6","8.3","11.5","23.8","23.5","-","9.4","9.7","10.6","159.3"
"110","Taysom Hill","TE","NO","5.2","0.8","-0.3","2.4","7.3","BYE","0.6","14.5","10.4","2.5","24.2","18.5","23.6","19.9","6.3","11","11.6","9.9","158.6"
"111","Giovani Bernard","RB","FA","6.8","7.5","8.5","1.9","1.4","11.8","20.6","22.8","-","8.7","9.5","6.9","4.9","3.3","22.7","20.1","0.7","9.9","158.1"
"112","Jerry Jeudy","WR","DEN","9.6","10.2","10.5","14.1","BYE","5.2","4","11.3","25.5","10.8","6.7","0","1.5","6.2","2.9","12.1","27","9.9","157.6"
"113","Laviska Shenault Jr.","WR","CAR","13.7","10.2","8.4","14.1","14.9","4.1","7.4","-","0.9","-","-","6.7","15.8","11.1","9.4","15.8","24.6","11.2","157.1"
"114","Tyler Bass","K","BUF","9","7","5","6","5","6","23","6","15","18","BYE","11","10","8","12","8","8","9.8","157"
"115","Keelan Cole Sr.","WR","LV","15.7","17.8","8.3","8.6","10.7","20.3","2.2","-","1.6","21.7","4.6","7.4","1.7","19.7","4.2","5.6","5.3","9.7","155.4"
"116","Daniel Carlson","K","LV","12","12","8","13","11","BYE","9","10","7","15","7","6","8","9","9","13","6","9.7","155"
"117","Mike Williams","WR","LAC","10.9","3.4","2.7","-","27.9","BYE","1.4","21","13.1","5.8","17.2","5.6","8.3","0","4.2","9.4","22.8","10.2","153.7"
"118","DJ Chark Jr.","WR","CAR","11.5","12.4","-","29.5","4.6","11.5","3.6","-","27.6","9.6","8.1","-","6.1","3.6","9.3","16.2","-","11.8","153.6"
"119","Greg Zuerlein","K","NYJ","5","11","9","2","14","4","4","13","15","BYE","5","10","5","14","13","13","16","9.6","153"
"120","Darnell Mooney","WR","CHI","6.8","12.6","3.9","9.9","3.5","6.6","7","17.9","9.3","2.3","BYE","8.4","8.3","10.7","16.5","8.1","20.3","9.5","152.1"
"121","Los Angeles Rams","DST","LAR","4","7","4","11","12","0","15","5","BYE","13","5","15","11","21","2","6","20","9.4","151"
"122","Rodrigo Blankenship","K","TB","8","15","12","14","11","8","-","3","5","11","15","2","7","14","11","6","8","9.4","150"
"123","Rob Gronkowski","TE","FA","3.1","0","10.8","3.9","8.2","18.8","17.2","14.1","1.2","13.1","4.5","16.6","-","7.2","5.9","19.8","4.9","9.3","149.3"
"123","Noah Fant","TE","SEA","19.1","17.7","9.6","8.5","-","BYE","6.8","11.7","7.5","4.8","9.5","2.3","9.7","0","20.8","12.5","8.8","10","149.3"
"125","Hayden Hurst","TE","CAR","6.8","18.2","7.1","9.1","2.8","15.7","12.8","10.4","13.2","-","0","8.8","1.9","1.7","12.1","15.7","12.8","9.3","149.1"
"126","Pittsburgh Steelers","DST","PIT","8","13","7","BYE","8","18","2","18","7","12","17","14","3","6","2","9","4","9.3","148"
"127","Dalton Schultz","TE","HOU","2.1","21.8","8.8","17.2","1.6","7.5","4.2","11.3","8.8","-","12.5","7.4","8.4","6.4","9.4","5.1","14","9.2","146.5"
"128","Christian Kirk","WR","JAC","1","8","-","10.9","12.8","22.6","20.7","BYE","23.3","6.7","9","4.9","1.2","4.4","6.3","14.6","-","10.5","146.4"
"129","Julio Jones","WR","FA","24.7","4.4","-","7.2","-","33.7","17.7","20.7","16.4","-","5.9","-","15.4","-","-","-","-","16.2","146.1"
"130","Hunter Henry","TE","NE","12.3","14.3","10","5.9","12.3","-","5.3","7.3","7.3","13","14.8","13.7","1.5","10.1","17.5","-","-","10.4","145.3"
"131","Sam Darnold","QB","SF","12.2","11.9","9.7","23.6","-","-","2.8","7.4","-","-","BYE","6.8","21","5.6","14.1","17","12.9","12.1","145"
"131","Ryan Succop","K","FA","5","7","9","8","14","10","9","15","4","17","6","6","-","9","7","5","14","9.1","145"
"131","Justin Tucker","K","BAL","9","16","9","8","10","16","BYE","8","7","5","10","2","10","9","9","9","8","9.1","145"
"131","Indianapolis Colts","DST","IND","4","15","26","7","11","4","BYE","15","5","10","8","-3","12","12","10","0","9","9.1","145"
"135","Andy Dalton","QB","CAR","-","0","-","-","2.4","13","3.6","-","-","-","20.3","13.3","18.6","15.3","17.2","27.6","13.6","13.2","144.9"
"136","Devin Singletary","RB","HOU","10.3","9.6","16.1","18.7","4.3","5.5","6.7","10.2","6.4","2","-","11.2","11.3","4.4","17.4","7.2","2.3","9","143.6"
"136","Jimmy Graham","TE","NO","11.5","2.8","24","7.3","12.3","8.4","8.1","3.3","17.5","0","-","6.2","0","12.3","4.5","22.9","2.5","9","143.6"
"138","Jakobi Meyers","WR","LV","0","1.7","0","-","-","BYE","10.2","13.8","28.9","15.9","6.8","10.2","3.5","8.7","16.1","8.5","18.3","10.2","142.5"
"139","Jeff Wilson Jr.","RB","MIA","0","0.3","21.9","2.9","2.7","-","32","-","-","-","-","2","7.9","9.4","12","27.4","23.8","11.9","142.3"
"140","Eric Ebron","TE","FA","2.8","7.3","16.2","-","7.3","2.9","11","14.8","11.2","5.8","13.6","12.4","13.8","7","0","15.7","-","9.5","141.8"
"141","Miami Dolphins","DST","MIA","2","2","12","3","12","15","BYE","23","8","6","5","14","14","10","9","5","1","8.8","141"
"141","Baltimore Ravens","DST","BAL","15","15","7","6","26","7","BYE","4","14","1","3","8","4","0","10","10","11","8.8","141"
"143","Darius Slayton","WR","NYG","28.2","6.3","6.3","7.8","20.9","11.8","4.3","10.6","1.8","14.3","BYE","0","2.4","6.1","11.4","4.6","4.2","8.8","141"
"144","Evan Engram","TE","JAC","2.9","12.5","5.2","9.5","9.5","5","10.9","12","15.8","3.5","-","16.9","7.2","3.8","8.6","14","3.7","8.8","141"
"145","Tua Tagovailoa","QB","MIA","-","-","-","-","-","0.4","BYE","5.7","21.4","14.7","7.3","-","16.1","28","19.7","8.9","18.2","14","140.5"
"146","Jonnu Smith","TE","ATL","13.6","24.4","11.1","-","21","2.3","1.9","4.9","11.2","9.5","12","0","-","4.3","10.2","12","1.8","9.3","140.2"
"147","Dak Prescott","QB","DAL","17.6","39.8","29.5","38.3","14.4","-","-","-","-","BYE","-","-","-","-","-","-","-","27.9","139.6"
"148","Cairo Santos","K","CHI","9","5","6","3","9","13","5","14","5","8","BYE","5","7","10","18","12","10","8.7","139"
"149","Jason Myers","K","SEA","9","5","4","9","3","BYE","12","8","12","12","9","12","4","11","10","10","8","8.6","138"
"150","Marquez Valdes-Scantling","WR","KC","19.6","9.4","1.5","8.5","-","6.2","0.9","3.3","19.3","24.9","6.5","0","-0.4","20.5","0","0","17.1","8.6","137.3"
"151","Zach Pascal","WR","ARI","3.8","10.9","5.4","8.8","3.5","15.4","-","7.4","10.5","7.3","8.4","3.3","2.1","3.7","24.9","15.4","6.1","8.6","136.9"
"151","Gabe Davis","WR","BUF","3.6","7.6","12.1","9.6","10.8","1.7","2.1","0","17","0","BYE","16.9","15.8","10.9","3.8","6.3","18.7","8.6","136.9"
"153","Wayne Gallman Jr.","RB","FA","2.4","-","3.4","4.5","4.4","0","16.4","13.2","14.7","19","-","18.1","13.5","10.3","2.9","7.3","6.5","9.1","136.6"
"154","Latavius Murray","RB","BUF","4.8","5.3","7.5","21.3","7.7","-","6.6","6.1","6.2","5.7","10.5","25.6","3.7","1.7","10.9","12.6","-","9.1","136.2"
"155","Brandon McManus","K","JAC","2","8","6","18","-","24","5","7","11","8","9","5","6","2","-","14","11","9.1","136"
"156","Wil Lutz","K","NO","10","6","13","5","15","BYE","11","14","8","10","6","8","3","3","3","10","10","8.4","135"
"157","Harrison Butker","K","KC","10","13","4","8","6","8","14","5","11","BYE","5","9","17","8","6","7","3","8.4","134"
"158","Greg Ward","WR","PHI","8.1","1.5","20.6","7.8","12.6","5.9","15.2","4.2","BYE","8.9","3.9","1.3","14.7","4","17.5","4.7","2.2","8.3","133.1"
"159","Graham Gano","K","NYG","4","7","13","9","20","8","3","5","13","10","BYE","15","4","1","6","8","7","8.3","133"
"160","Ka'imi Fairbairn","K","HOU","2","12","3","13","13","6","8","BYE","11","1","10","10","10","1","8","7","17","8.3","132"
"160","Leonard Fournette","RB","FA","2.9","27.6","4.2","-","0","-","15.7","10.1","10.1","5","9.6","5","-","-","21.5","15.6","4.7","10.2","132"
"162","Hunter Renfrow","WR","LV","4.1","6.7","20.4","10.7","5.2","BYE","8.2","12.6","8","5","5.7","14.3","8.7","6.8","1.4","8.4","5.4","8.2","131.6"
"163","Darrell Henderson Jr.","RB","FA","0.6","20.1","19","4.7","21.8","9.2","9.6","6.8","-","10.3","2.9","1.9","15.4","0.5","1.3","6.2","-","8.7","130.3"
"164","Kendrick Bourne","WR","NE","5.4","10.7","10.3","6.3","11","6.4","0","16.1","-","6.6","-","6.4","7.5","9.2","18.6","2.6","12.6","8.6","129.7"
"165","Joey Slye","K","WAS","12","5","15","7","11","11","7","5","8","6","10","10","-","9","10","2","1","8.1","129"
"166","Nick Mullens","QB","MIN","-","1.6","17.7","8","-","-","BYE","17.5","12.6","12.2","-","9.1","22.6","13.4","13.5","-","-","12.8","128.3"
"167","Tyler Higbee","TE","LAR","7","28.4","8","5","3.2","8.6","-","3.4","BYE","9","6","1.6","12.4","5.4","16.7","6.4","7.1","8.5","128.2"
"167","Gus Edwards","RB","BAL","1.7","7.3","3.9","3.8","2.5","8.6","BYE","14.7","9.4","8.3","0.6","7","10.1","18.3","9.8","14.2","8","8","128.2"
"169","Mecole Hardman Jr.","WR","NYJ","1.6","7.3","18.1","12.7","7","0","9","22.6","7.8","BYE","2.6","5.3","2.5","11","10.7","7.4","2.5","8","128.1"
"170","Dustin Hopkins","K","LAC","10","3","2","6","5","7","5","-","10","10","10","11","14","13","4","8","10","8","128"
"171","Jared Cook","TE","FA","13","9.3","4.1","-","13.2","-","12.2","16.1","3","0","1.6","0","11.8","12.7","4.9","11.2","14.3","8.5","127.4"
"172","Jamaal Williams","RB","NO","8.2","8.3","2.7","18.5","-","3.4","21.4","18.2","-","8.5","8.6","13.3","5.6","3.8","4","-","2.6","9.1","127.1"
"173","Washington Commanders","DST","WAS","15","4","1","4","2","4","17","BYE","5","0","12","15","3","23","3","9","10","7.9","127"
"174","Jerick McKinnon","RB","KC","13.4","13.7","16.7","22.7","2.5","4.8","-0.1","13.9","15.8","5.6","-","5.2","0","0","4.2","6.2","1.6","7.9","126.2"
"175","New Orleans Saints","DST","NO","17","4","-3","4","3","BYE","1","7","16","14","16","14","6","2","7","1","17","7.9","126"
"176","George Kittle","TE","SF","9.3","-","-","40.1","8.4","23.9","10.5","5.9","-","-","BYE","-","-","-","-","13.2","13.8","15.6","125.1"
"177","Adrian Peterson","RB","FA","14.4","4.1","9.5","9.6","-","12.8","4","2.2","7.3","4","1.8","17.5","17.7","4","2.3","1","12.3","7.8","124.5"
"178","Josh Reynolds","WR","DET","2.7","5.3","8","5.5","6.6","12.5","15.2","8.4","-","17.4","6.2","9","3.1","1.6","2.9","13","6.9","7.8","124.3"
"179","Nick Folk","K","NE","3","6","12","5","BYE","7","8","8","15","5","9","10","9","3","15","4","4","7.7","123"
"180","Rashard Higgins","WR","FA","1.9","0","-","-","12.1","8.3","17","2.4","-","7.8","9.5","2.5","21.5","18.8","11.6","-","7.5","9.3","120.9"
"181","Tony Pollard","RB","DAL","5.2","1.9","0.5","10.2","5.2","6","3.2","8.4","6.8","BYE","12","4.2","3.8","12.8","31.2","3","6.4","7.6","120.8"
"182","Michael Badgley","K","WAS","11","9","5","9","3","-","9","15","9","3","11","3","0","9","6","14","4","7.5","120"
"182","Mason Crosby","K","FA","12","11","16","7","-","4","5","2","12","6","7","5","7","9","8","4","5","7.5","120"
"184","Tampa Bay Buccaneers","DST","TB","0","14","18","6","6","19","6","7","1","5","4","4","BYE","9","3","12","5","7.4","119"
"184","Stephen Gostkowski","K","FA","4","12","25","-","6","4","8","2","7","7","12","10","3","9","8","2","-","7.9","119"
"186","David Moore","WR","TB","7","13.8","1.2","18.5","0","-","8.8","13.6","17.1","3.8","2.5","8.5","1.6","11.9","3.5","5.5","1.5","7.4","118.8"
"187","Buffalo Bills","DST","BUF","8","2","5","6","-4","3","14","4","12","6","BYE","6","4","12","12","7","21","7.4","118"
"188","Antonio Brown","WR","FA","-","-","-","-","-","-","-","-","6.1","13.6","13.8","3.1","-","9.9","20.3","13.5","36.8","14.6","117.1"
"189","Matt Prater","K","ARI","12","3","14","3","-","11","16","3","9","16","0","5","4","6","7","1","7","7.3","117"
"190","James White","RB","FA","8.2","-","-","12.9","-","15.3","1.3","5.5","6.4","2.8","14.3","14.7","3.1","2.8","9.5","6.7","13.1","8.3","116.6"
"191","Dallas Goedert","TE","PHI","24.1","7","1.7","-","-","-","-","2.5","BYE","7.3","18.7","20.5","11.6","8.3","7.9","6.8","-","10.6","116.4"
"192","Travis Fulgham","WR","FA","-","-","-","13.7","31.2","19.5","12.3","19.8","-","1.8","1.8","3.6","0","0","5","4.7","2.5","8.9","115.9"
"193","Damiere Byrd","WR","CAR","0","13.2","5.7","13","-","6.8","2.6","6.9","11.5","0","26.3","6.3","3.6","9.8","5.4","1.7","2.1","7.2","114.9"
"194","Austin Hooper","TE","LV","3.5","4.2","5.5","14.4","10.7","10.2","-","-","-","2.1","6.3","9.3","4.4","-","15.1","14.1","13.7","8.7","113.5"
"195","Jalen Hurts","QB","PHI","-","0","0.5","1.8","0.7","3.6","0.2","0.4","BYE","-0.1","0.6","0.2","10.3","19.3","37.8","20.6","17.3","7.5","113.1"
"196","Nick Foles","QB","FA","-","-","18.2","12.9","12.6","17.3","8.4","17.9","21.6","3.4","-","-","-","-","-","-0.2","-","12.5","112.2"
"197","A.J. Green","WR","FA","10.1","5.9","8.6","1.3","0","17.6","15.2","3.9","-","0","14.1","0","0","18.2","6","10.4","0","7","111.3"
"198","Cody Parkey","K","FA","-","5","11","12","13","1","8","7","-","5","9","10","12","4","2","5","6","7.3","110"
"198","Arizona Cardinals","DST","ARI","6","9","4","1","7","15","7","BYE","2","3","2","8","2","18","10","6","10","6.9","110"
"200","Malcolm Brown","RB","FA","26","4.7","1.9","10.7","3.4","5.2","11.7","7.7","-","19.1","3.8","1.9","3.7","0","2","4.5","2.8","6.8","109.1"
"201","Anthony Miller","WR","FA","17.6","0","13","4.6","6.8","3.8","5","15.3","8.9","4.8","-","5.8","10.9","3.6","2.3","3","3.3","6.8","108.7"
"202","Kansas City Chiefs","DST","KC","7","5","7","20","-1","3","24","9","1","BYE","1","5","5","14","2","7","-1","6.8","108"
"202","New England Patriots","DST","NE","11","6","15","4","BYE","7","6","3","3","5","0","5","31","4","4","-4","8","6.8","108"
"204","Rex Burkhead","RB","FA","3.2","8.9","34.8","6","-","1.4","7.7","4.1","15.7","22.6","3.2","-","-","-","-","-","-","10.8","107.6"
"204","Demarcus Robinson","WR","LAR","5","5.8","0","-","2.2","11.9","1.4","16.3","10.4","-","10.4","8.6","5.9","2.3","4.7","10.9","11.8","7.2","107.6"
"206","Danny Amendola","WR","FA","13.1","4.1","2.8","7.7","-","5.1","9.2","8.4","14.9","4","-","-","9.2","12.6","5","8.7","1.6","7.6","106.4"
"207","Robbie Gould","K","FA","10","8","14","2","5","7","10","3","5","8","-","14","7","1","10","2","-","7.1","106"
"208","Seattle Seahawks","DST","SEA","6","3","11","5","7","BYE","0","7","3","5","5","9","9","12","9","9","5","6.6","105"
"209","Tre'Quan Smith","WR","NO","1.4","13.6","8.2","21.4","2.8","BYE","9.4","9.3","8.4","0","0","2.6","13.5","9","3.5","-","-","7.4","103.1"
"210","Philadelphia Eagles","DST","PHI","3","1","8","18","-1","2","9","20","BYE","3","8","2","7","9","6","0","8","6.4","103"
"210","New York Giants","DST","NYG","4","9","-2","5","11","14","5","4","13","4","BYE","9","13","1","2","2","9","6.4","103"
"212","Scott Miller","WR","ATL","12.9","3.2","11.3","19.3","0","1.6","22.9","7.2","2","1.4","0","0","-","11.8","5","1.7","2.2","6.4","102.5"
"213","Cam Akers","RB","LAR","5.3","1.3","-","-","6.1","0","-","6.4","BYE","3.8","8.9","14.4","16.4","21.4","7.2","-","10.6","8.5","101.8"
"214","Zack Moss","RB","IND","11.7","3.7","-","-","-","1","10.2","20.1","12.8","2.7","-","8.8","2.4","4.3","8.1","12.7","3.1","7.8","101.6"
"215","Larry Fitzgerald","WR","FA","7.4","12","1","2.4","7.5","5.2","14.2","-","9.4","3.3","14.2","-","-","3","12.5","8.8","-","7.8","100.9"
"216","Frank Gore","RB","FA","2.4","6.3","7.2","4.6","3","11","6","3","7.9","-","15.1","11.6","0.2","2.1","13.5","6.3","-","6.7","100.2"
"217","Randall Cobb","WR","NYJ","4.3","10.9","19.5","5.6","10.7","10.7","17.5","-","5.1","7.1","8.7","-","-","-","-","-","-","10","100.1"
"218","Chris Boswell","K","PIT","9","6","8","BYE","9","8","9","4","9","14","11","7","-","1","5","-","-","7.7","100"
"218","Randy Bullock","K","FA","10","13","12","17","3","12","10","7","-","4","5","6","1","-","-","-","-","8.3","100"
"220","Raheem Mostert","RB","MIA","25.1","18.7","-","-","14.9","9.6","BYE","-","-","-","-","10.3","5.3","9","6.8","-","-","12.5","99.7"
"221","Joe Mixon","RB","CIN","6.1","12.6","8.5","42.1","15.4","14.9","-","-","BYE","-","-","-","-","-","-","-","-","16.6","99.6"
"222","Isaiah McKenzie","WR","IND","4.7","6.7","2","3.9","10.7","1.4","2.3","0","9.6","5.7","-","-0.1","11.1","2.2","1.8","7.1","30.5","6.2","99.6"
"223","James Washington","WR","NO","11.4","5.2","8.6","-","5.5","16.8","0","0","8.7","5","2.2","3.9","16","11.9","0","4","0","6.2","99.2"
"224","Breshad Perriman","WR","IND","4.7","3.2","-","-","-","10.2","4.7","-","27.1","-","13.4","11.9","3.2","5.6","3.1","0.6","11.4","8.3","99.1"
"225","Carolina Panthers","DST","CAR","-1","3","11","3","5","2","3","4","3","1","17","19","BYE","2","5","21","1","6.2","99"
"226","Michael Pittman Jr.","WR","IND","3","7.7","5.6","-","-","-","BYE","1.6","9.6","19.2","15.6","4.8","9.6","6.5","3.9","6.8","5","7.6","98.9"
"227","Irv Smith Jr.","TE","CIN","2.1","1.3","0","0","10.4","11.5","-","2.6","15","-","4.3","-","-","16.3","6.7","23.3","5","7.6","98.5"
"228","Zane Gonzalez","K","SF","8","13","7","3","7","8","16","-","7","16","3","6","4","-","-","-","-","8.2","98"
"229","Allen Lazard","WR","NYJ","18.2","7.5","26.4","-","-","-","-","-","-","BYE","3.8","12.3","8","3.9","10.6","3.4","3.7","9.8","97.8"
"230","Braxton Berrios","WR","MIA","0","17.9","16.4","0","1.3","2.8","7.5","11.4","2.3","-","0","0","5.3","7.9","2.9","15","6.6","6.1","97.3"
"231","Chris Conley","WR","SF","1.6","8.8","6.4","7.4","7.8","1.6","9.8","-","12.2","8.3","2.3","-","1.2","0","8.3","5.7","15.7","6.5","97.1"
"232","Jalen Guyton","WR","LAC","2.6","8.4","4.3","14.2","5.5","BYE","16.4","1.3","1.9","6.4","1.4","6.3","5.8","1.8","13.5","7.3","0","6.1","97.1"
"233","Cleveland Browns","DST","CLE","0","4","14","5","13","1","7","3","BYE","6","20","0","5","2","8","6","3","6.1","97"
"234","John Brown","WR","FA","19","18.2","0","8.2","-","0","-","3.1","17.9","13.2","-","-","-","-","-","-","17.2","10.8","96.8"
"234","Dan Arnold","TE","PHI","4.1","4.6","2.1","7.9","0","0","7.7","-","2.6","7.4","7.4","2.7","20.1","10.7","8.4","3.5","7.6","6.1","96.8"
"236","Boston Scott","RB","PHI","7.4","7.3","0.5","0.1","0.3","2.9","18.2","9.9","BYE","14.4","8","9.7","0.9","2.7","1.7","1.7","9.9","6","95.6"
"237","Brian Hill","RB","FA","4","4.5","15","4.3","7.4","3.4","6","8.4","2.4","-","1.8","5.5","1.8","2.5","2.7","9.1","16.6","6","95.4"
"238","Willie Snead IV","WR","SF","16.4","4.9","2.4","4","0","4.2","-","15.6","7.7","23.4","5.3","-","-","5.9","0","4.4","-","7.2","94.2"
"239","Green Bay Packers","DST","GB","5","12","3","5","BYE","-1","6","0","6","6","4","15","10","4","6","7","6","5.9","94"
"240","Kalen Ballage","RB","FA","-","3.7","10.2","3.1","-","-","-","-","16.4","15.2","14.1","-","6.9","3","7.1","4.6","9.6","8.5","93.9"
"241","Gerald Everett","TE","LAC","1.7","0","5.4","6.2","13","5.7","12.8","8.2","-","4.7","6.7","3.6","10.4","1.9","4.8","3.3","4.5","5.8","92.9"
"242","Chicago Bears","DST","CHI","3","12","4","2","6","11","11","1","4","12","BYE","-4","3","17","5","6","-1","5.8","92"
"243","Damien Harris","RB","BUF","-","-","-","10","-","4.3","8","16.2","7.1","12.1","12.4","4.7","10.5","6","-","-","-","9.1","91.3"
"244","Christian McCaffrey","RB","SF","28.5","24.8","-","-","-","-","-","-","37.1","-","BYE","-","-","-","-","-","-","30.1","90.4"
"245","KJ Hamler","WR","DEN","-","8.7","5.8","0","BYE","-","5.4","10.3","15","9","7.5","-0.8","4.9","22.6","1.4","0.3","-","6.9","90.1"
"246","Dan Bailey","K","FA","4","3","7","7","11","1","-","4","4","8","4","10","8","0","9","3","7","5.6","90"
"246","San Francisco 49ers","DST","SF","4","5","12","6","-2","5","17","-2","0","7","BYE","17","2","8","-2","11","2","5.6","90"
"248","Sammy Watkins","WR","FA","21.5","2.1","13.2","6.3","10.4","-","-","-","-","-","-","7.8","7.5","7.2","10","2.4","-","8.8","88.4"
"249","Jakeem Grant Sr.","WR","CLE","5.5","1.2","5.8","6.6","0.4","8.8","-","8.5","7.5","14.3","3.5","3.5","6.2","6.2","-","9.3","-","6.2","87.3"
"250","Jalen Reagor","WR","MIN","6.5","8.1","-","-","-","-","BYE","13.2","-","8.7","9.2","4.1","11.5","8.5","8.9","6","2.5","7.9","87.2"
"251","Keke Coutee","WR","NO","-","1.1","-","-","-","BYE","-","-","-","-","9","5.7","22.1","9.4","14.3","10.4","15","10.9","87"
"252","Alexander Mattison","RB","MIN","12","2.6","2.7","7.7","16.6","4","BYE","0.8","6.9","0.4","0.6","0.6","-","-","2.5","-","29.5","6.7","86.9"
"253","Odell Beckham Jr.","WR","BAL","5.2","17.4","9.9","38.4","11.4","4.5","0","-","-","-","-","-","-","-","-","-","-","12.4","86.8"
"254","Golden Tate","WR","FA","-","9.7","8.6","6","8.2","2.1","10.9","11.8","-","6.4","-","7.6","7","4.9","3.3","-","-","7.2","86.5"
"255","Cam Sims","WR","LV","0","0","0","3.7","0","9.2","3.2","-","14","9.4","4","0","14.2","2.3","7.6","9.3","9.3","5.4","86.2"
"256","Devontae Booker","RB","FA","8.2","1.5","3.1","0","7.7","-","3.4","5.6","12.8","21.3","2.9","1.5","6.1","4.9","1.2","3.9","1.6","5.4","85.7"
"257","Carlos Hyde","RB","FA","8.3","5.7","3.3","-","-","-","16.6","-","-","-","17.5","4.9","4.1","6.6","14.3","3.6","-","8.5","84.9"
"258","Duke Johnson Jr.","RB","FA","1.4","-","-","7.5","2.9","2.1","9.2","-","15.3","5.4","6.5","17","9.2","7.9","-","-","-","7.7","84.4"
"259","Henry Ruggs III","WR","FA","9.6","1.4","-","-","19.8","-","6.5","2.9","1","6.1","2.7","8.4","15.4","4.8","-","0.7","4.8","6.5","84.1"
"260","Michael Thomas","WR","NO","4.7","-","-","-","-","BYE","-","-","10.1","4.7","19.4","9.1","19.5","16.4","-","-","-","12","83.9"
"261","Jordan Akins","TE","CLE","11.9","12.5","4.8","7.6","-","-","-","-","3.9","1.5","13.3","0.4","3","5","10","7.9","1.9","6.4","83.7"
"262","Anthony Firkser","TE","NE","2.5","8.5","0","-","4.9","25.3","2.7","5.6","4.9","1.5","7.3","0","10.1","1.5","3","2.1","3.8","5.2","83.7"
"263","Trey Burton","TE","FA","-","-","-","3.6","8.3","21.9","-","10.1","1.6","5.4","10.5","13.2","2.1","0","1.8","4.8","0","6.4","83.3"
"264","Tyler Eifert","TE","FA","1.8","12.6","3.1","4.2","4.6","0","-","-","8.8","3.5","5.2","10.6","10.5","4.2","8.1","3.7","2","5.5","82.9"
"265","Kyle Juszczyk","RB","SF","5.8","2.6","1.7","2.3","7.1","1.8","10.6","4.1","1.4","0.5","BYE","5.2","8.1","9.8","3.9","15.3","1.4","5.1","81.6"
"266","Joshua Kelley","RB","LAC","12","13.3","5.2","4.3","4.8","BYE","10.3","3.5","10.9","2.1","2.2","9.5","2.3","-","0.8","-","0","5.8","81.2"
"267","Deebo Samuel","WR","SF","-","-","-","7.5","4.2","18","12.2","-","-","-","BYE","24.3","13.6","0.9","-","-","-","11.5","80.7"
"268","Mo Alie-Cox","TE","IND","4","16.1","14","8.3","0","-","BYE","6.7","7.3","4.9","1.6","3.9","5.3","1.9","3.4","3","0","5.4","80.4"
"269","Alex Smith","QB","FA","-","-","-","-","1.6","-","-","-","14","16","9.3","9.1","15.8","1.3","-","-","12.5","9.9","79.6"
"270","Tyron Johnson","WR","DAL","-","-","-","12.3","0.7","-","1","-","6","0","6.4","8.3","1.1","17.5","15.1","5.6","5.5","6.6","79.5"
"271","Drew Sample","TE","CIN","1.7","11.5","1.1","7.7","4.2","0","10.2","0","BYE","1.9","4.9","6","11.9","5.1","1.4","7.8","3.5","4.9","78.9"
"272","Dallas Cowboys","DST","DAL","4","-3","0","-2","9","-3","2","13","2","BYE","5","1","1","18","15","10","6","4.9","78"
"273","Zach Ertz","TE","ARI","10.8","9.2","14","6.9","1.6","7.3","-","BYE","-","-","-","-","5.1","2.8","8.9","6.3","4.6","7","77.5"
"274","Denver Broncos","DST","DEN","4","5","3","6","BYE","14","2","5","3","-4","12","4","1","10","-1","3","10","4.8","77"
"275","Darren Fells","TE","FA","3.9","10.3","0","4.1","13.7","20.5","0","-","4.6","2.5","4.9","0","0","2.5","0","9.2","0","4.8","76.2"
"276","Los Angeles Chargers","DST","LAC","11","3","4","4","3","BYE","7","3","2","1","8","9","-3","9","3","7","5","4.8","76"
"277","Sony Michel","RB","FA","9.7","1.9","16","-","-","-","-","-","-","-","-","0","6.8","2.2","9.2","6.9","22.6","8.4","75.3"
"278","Dwayne Haskins","QB","FA","12.8","11.7","12.2","18.9","-","-","-","-","-","-","-","-","-","0.8","16.6","2.2","-","10.7","75.2"
"279","Jake Elliott","K","PHI","5","7","14","5","3","0","4","1","BYE","4","6","4","6","7","2","5","2","4.7","75"
"280","Benny Snell Jr.","RB","FA","11.3","-0.9","1.1","-","1.9","9.1","6.2","0","0.1","1.2","7.5","12.3","3","1.4","19.7","0","1","4.7","74.9"
"281","Preston Williams","WR","FA","6.1","5.6","8.7","4.5","20.6","9.8","-","3.5","16","-","-","-","-","-","-","-","-","9.4","74.8"
"282","Le'Veon Bell","RB","FA","6.6","-","-","-","7.7","-","3.9","6.8","1.3","-","10.6","5.2","7.5","5.5","14.6","4.9","-","6.8","74.6"
"283","N'Keal Harry","WR","FA","6.9","15.2","5.6","11.1","-","0","1.6","-","-","0","9.1","-0.2","9.5","7.9","2.2","1.3","3.7","5.3","73.9"
"284","Chris Herndon IV","TE","FA","7.7","1.5","5.1","2.1","4.4","0","0","-0.7","0","-","11.2","0","0","1.9","7.8","13.4","19.3","4.6","73.7"
"285","Jordan Reed","TE","FA","3.2","24","4.3","-","-","-","-","-","1.3","11.2","-","3.8","12.2","3.3","9.8","0","-","7.3","73.1"
"286","Atlanta Falcons","DST","ATL","-1","3","5","0","0","7","2","6","3","BYE","5","28","4","4","2","5","-1","4.5","72"
"287","Kerryon Johnson","RB","FA","1.4","9.2","4","2.2","-","3","0","9.5","9.5","0.3","5.8","11.8","3.1","8.3","0","3.7","0","4.5","71.8"
"288","Richard Rodgers","TE","FA","0","0","3.5","6.5","2.8","6.1","14.5","0","-","10","12.8","14.3","0","0","0","-","-","5","70.5"
"289","Miles Boykin","WR","PIT","6.7","7.8","1.8","4.8","0","2.1","-","10","2.1","0","0","0","10.8","2.5","7.4","2.3","11.3","4.4","69.6"
"290","Cordarrelle Patterson","RB","ATL","4.1","5.3","1.3","1.5","7.5","1.9","4.2","2.5","8","12.9","-","0.8","13.3","2.6","1.7","0","1.8","4.3","69.4"
"291","Jimmy Garoppolo","QB","LV","19.3","13.2","-","-","1.1","23.5","9.5","2.8","-","-","-","-","-","-","-","-","-","11.6","69.3"
"292","Salvon Ahmed","RB","MIA","-","-","-","-","-","-","BYE","-","3.8","16","12.4","-","-","-","21.7","1.3","13.8","11.5","69"
"293","Cameron Brate","TE","FA","0","0","0","7.3","9.4","1.3","1.8","5.5","0","12.1","5.3","7.4","-","1.9","9.4","4.7","2.1","4.3","68.2"
"294","New York Jets","DST","NYJ","7","4","0","8","2","6","5","-4","-1","BYE","8","9","5","-1","8","9","2","4.2","67"
"295","Quintez Cephus","WR","DET","7.3","8.4","0","0","BYE","-","-","-","5.1","2","1.9","4.7","14.3","3.6","4.6","1.9","13.1","5.1","66.9"
"296","Dawson Knox","TE","BUF","4.6","2.6","-","3.6","2.5","-","-","-","0","3.6","BYE","7.2","12.7","5.4","11.6","8.1","4.9","5.6","66.8"
"297","Tennessee Titans","DST","TEN","3","5","7","BYE","8","-2","6","-1","14","0","3","10","-2","8","6","-1","2","4.1","66"
"297","Matt Gay","K","IND","-","-","-","-","-","-","BYE","-","-","-","10","10","8","6","10","12","10","9.4","66"
"297","Phillip Lindsay","RB","FA","4.5","-","-","-","-","10.1","7.9","15.6","2.3","0.2","8.2","2","2.6","5.1","7.5","-","-","6","66"
"300","Jacob Hollister","TE","FA","1.9","0","9.1","0","0","-","5.2","1.6","11","1.6","3.4","3.1","5","3","9.7","9.7","1.6","4.1","65.9"
"301","Kenny Golladay","WR","FA","-","-","17.7","16.2","-","14.5","17.4","0","-","-","-","-","-","-","-","-","-","13.2","65.8"
"302","Samaje Perine","RB","DEN","0","0","0","0","0","0","1.6","10.4","-","6.5","3.1","1.2","0.7","6.1","1.4","29.6","5.1","4.1","65.7"
"303","Mike Glennon","QB","FA","-","-","-","-","-","-","-","-","-","-","-","18","14.1","2.4","-","14.4","16.6","13.1","65.6"
"304","Kyle Rudolph","TE","FA","4.8","0","9.1","4.7","2","7.7","-","2.2","7","8.3","5.8","13.8","0","-","-","-","-","5.5","65.4"
"305","Justin Jackson","RB","FA","0.4","-","-","4.1","14.4","-","10.5","17.2","0","-","-","-","-","4.9","-","0.4","13.4","7.3","65.3"
"306","Richie James Jr.","WR","KC","0","-","-","-","-","0","0","-","33.4","3.6","-","3.9","0","6.3","7.6","0","9.6","5.9","64.4"
"307","Jack Doyle","TE","FA","7.9","-","0","2.2","0","9.9","-","9.8","0","-","7.6","0","2.2","7.4","3.4","9","4.7","4.6","64.1"
"308","Ty Johnson","RB","FA","0","0","-","-","-","4.2","0","3.1","0","-","5.7","1.4","19.7","1.6","17.5","1.3","8.8","4.9","63.3"
"309","DaeSean Hamilton","WR","FA","2.8","1.5","0","1.9","-","0","4.6","18.2","3.2","11.3","0","0","0","2.3","0","12.7","3.8","3.9","62.3"
"310","Cole Kmet","TE","CHI","0","2.2","0","0","0","10","6.5","1.2","0","1.7","BYE","1.8","14.7","8.1","3.2","3.5","9.1","3.9","62"
"311","Harrison Bryant","TE","CLE","1.5","2.4","7.3","7.7","0","2.1","21.6","3.5","BYE","0","0","0.3","0","4.8","3.9","6.7","-","4.1","61.8"
"312","Jordan Wilkins","RB","FA","0","4","5.5","4.1","0.1","-0.1","-","20.3","5.8","2.8","4.6","8.7","3.8","1.7","0","0","-","4.1","61.3"
"313","Will Dissly","TE","SEA","2.8","1.9","2.5","3.5","8.9","BYE","5.8","2.7","3.6","2.6","2","0","6.8","10.3","0","4.7","3","3.8","61.1"
"314","Denzel Mims","WR","DET","-","-","-","-","BYE","-","8.2","6.2","10.2","-","10.1","10.7","8","-","4.8","0","2.5","6.7","60.7"
"315","Marvin Hall","WR","FA","3.6","9.4","0","0","-","1.7","0","15.3","5.8","14.1","4.6","3.6","-","-","-","2.2","-","5","60.3"
"316","Minnesota Vikings","DST","MIN","-4","3","3","5","6","0","BYE","3","9","10","4","5","13","0","2","0","1","3.8","60"
"317","Collin Johnson","WR","NYG","2.4","0","1.3","0","12","0","2.3","-","1.9","0","0","19.6","12.6","5.3","1.8","-","-","4.2","59.2"
"318","Durham Smythe","TE","MIA","0","0","1.7","5","-","7.4","BYE","3.6","2.9","8.9","0","4.9","3.6","3.9","9","2.6","5.3","3.9","58.8"
"319","Donovan Peoples-Jones","WR","CLE","-","-","-","0","0","0","14.6","0","BYE","3.6","0","0","17.2","12.4","8.5","-","2.1","4.9","58.4"
"320","Adam Humphries","WR","FA","10.7","15.8","8.1","-","-","18.4","2.9","0","-","-","-","-","1.9","-","-","-","-","8.3","57.8"
"321","Joe Flacco","QB","FA","-","-","-","0.6","13.8","6.4","-","-","21.5","-","15.4","-","-","-","-","-","-","11.6","57.8"
"322","Steven Sims Jr.","WR","HOU","8","6.3","0","-","-","-","-","BYE","1.4","9.6","10.3","1.8","5.7","1.5","2.1","7.2","3.4","4.8","57.3"
"322","Ito Smith","RB","FA","3.6","2","0","5.7","0.6","3.5","0","-","-","-","0.5","17.5","4.4","5.5","5.3","6.1","2.6","4.1","57.3"
"324","Dion Lewis","RB","FA","0.1","15.6","2","3.8","2.1","2","0.3","8.8","4.1","3.7","-","2.7","0.6","5.4","3.8","1.5","0.7","3.6","57.2"
"325","DeeJay Dallas","RB","SEA","-","-","0","4.3","0","BYE","3.8","22.8","11.9","5.1","5.2","0","3.1","0.7","0","-","-","4.7","56.9"
"326","Julian Edelman","WR","FA","13","25.9","4.2","6.5","-","4.3","2.3","-","-","-","-","-","-","-","-","-","-","9.4","56.2"
"327","Isaiah Ford","WR","CHI","3.3","14.6","3.4","8.8","4.3","0","-","2","-","-","BYE","-","-","-","4.8","7.7","6.7","5.6","55.6"
"328","Sam Sloman","K","FA","8","7","6","5","6","5","6","-","-","-","-","-","-","-","-","-","12","6.9","55"
"328","Peyton Barber","RB","FA","14.9","0.1","0.6","0.5","0","2","3.4","-","0","2.4","2.8","5.7","8.3","5.8","6.5","1","1","3.4","55"
"330","Andy Isabella","WR","BUF","0","8.7","20.1","2.3","5","0","1.7","-","3","2.4","1.6","7.3","2.7","-","-","-","0","4.2","54.8"
"331","Darrel Williams","RB","FA","5","2.2","2.7","0.2","4.9","11.1","0","3.6","1.3","-","5.2","0","5.3","0","0.5","11.3","1.2","3.4","54.5"
"332","James O'Shaughnessy","TE","FA","1","8","5.9","3.6","5","0","6.2","-","1.9","0","-","3.7","8.1","3.4","1.6","3.8","2","3.6","54.2"
"333","Jacksonville Jaguars","DST","JAC","6","0","0","2","4","1","5","BYE","4","11","2","4","14","2","-1","-1","1","3.4","54"
"333","Sam Ficken","K","FA","5","8","1","18","4","0","-","-","-","-","2","-","-","-","11","5","-","6","54"
"335","Greg Olsen","TE","FA","12.4","0","11.1","8.5","3","-","3.8","0","3.3","5.3","4","-","-","-","-","2.5","-","4.9","53.9"
"336","Brandon Allen","QB","SF","-","-","-","-","-","-","-","-","-","-","BYE","7.1","9.4","13.9","-","23.1","0.1","10.7","53.7"
"337","Lynn Bowden Jr.","WR","NO","-","0.9","-","0.5","0.4","0","-","-","-","-","-","0","9.2","15.4","10.6","3.6","13","5.4","53.6"
"338","Olamide Zaccheaus","WR","PHI","0","2","8.1","16.6","2.3","0","0","0","20.3","-","2","2.1","-","-","-","-","-","4.9","53.4"
"339","Devin Duvernay","WR","BAL","2.2","2.9","8.7","1.4","7.9","6.1","BYE","4.9","-0.1","7.5","1.5","5","1.2","0","0","1.7","2.2","3.3","53.1"
"340","Mark Ingram II","RB","FA","2.9","15.7","3","10.7","5.7","2","-","-","-","4.9","0.2","-","3.9","0","-","-","3.9","4.8","52.9"
"341","La'Mical Perine","RB","KC","-","1.7","4.3","1.5","0","5.6","13.6","5.3","5.8","BYE","9.3","-","-","-","-","5.4","-","5.3","52.5"
"342","David Njoku","TE","CLE","14","-","-","-","1.6","1.7","10","2.9","BYE","0","0","0","1.5","7.5","3.2","6.6","3.3","4","52.3"
"343","C.J. Beathard","QB","JAC","-","-","-","5.5","5.8","-","-","BYE","-","0","-","-","-","-","8","19.1","13.9","8.7","52.3"
"344","Cedrick Wilson Jr.","WR","MIA","0","0","27.7","6.4","10.6","3","0","-1.1","1.6","-","1.7","-0.1","0","0","0.5","0","1.3","3.2","51.6"
"345","Jalen Richard","RB","FA","2.5","8.6","5.2","3.6","7","-","2.4","2.8","3.2","0","-","-","2.7","8.1","1.7","3.3","-","3.9","51.1"
"346","Chad Beebe","WR","FA","-","-","1.7","0","2.1","3.3","-","2.6","0","3.6","0","17.3","3","0","4.1","0","12.4","3.6","50.1"
"347","Ross Dwelley","TE","SF","0","1.5","8.9","0","0","0","0","8.6","8.2","3.2","BYE","1.3","4.9","4","4.8","0","4.1","3.1","49.5"
"348","Deonte Harty","WR","BUF","3.6","6.4","2.5","3","-","-","14.6","4.7","5","4.4","3.5","-","-","-","-","-","-","5.3","47.7"
"349","Van Jefferson","WR","LAR","4.1","8.4","0","0","0","1.8","2.4","4.3","BYE","2.5","7.7","0","6.7","0","0","0","9","2.9","46.9"
"350","Chad Hansen","WR","FA","-","-","-","-","-","-","-","-","-","-","-","-","15.1","12.6","13.5","1.8","3.6","9.3","46.6"
"351","Isaiah Wright","WR","FA","0","-","7","6.9","1.3","6.6","-","-","4","11.9","1.7","0","1.5","1.9","3.5","0","0","3.3","46.3"
"351","Dontrelle Inman","WR","FA","4.1","3.7","18.8","6.9","0.8","9.5","0","-","-","-","-","2.5","0","-","-","-","0","4.6","46.3"
"353","Kyle Allen","QB","BUF","-","-","-","-","9.7","17","16.9","-","2.5","-","BYE","-","-","-","-","-","-","11.5","46"
"354","Houston Texans","DST","HOU","0","4","1","2","9","4","-2","BYE","4","5","3","16","3","-1","1","-4","0","2.8","45"
"354","Cincinnati Bengals","DST","CIN","3","-2","7","5","3","4","-2","4","BYE","-4","5","9","3","2","8","2","-2","2.8","45"
"354","Adam Shaheen","TE","FA","0","1.4","0","0","7.3","14.1","-","0","0","2.9","0","7.7","0","4.6","2.5","1.3","3.2","2.8","45"
"357","DeSean Jackson","WR","FA","6.6","12.4","3.1","-","-","-","7.6","-","-","-","-","-","-","-","-","15.1","-","9","44.8"
"358","Tyler Conklin","TE","NYJ","0","0","0","0","0","0","-","0","0","3.1","0","1.5","2","9","14.7","7.1","7","2.8","44.4"
"359","Mohamed Sanu Sr.","WR","FA","-","0","1.9","0","-","-","-","-","-","-","0","15.2","5.6","5.7","7.8","4.2","3.6","4.4","44"
"360","Jeremy McNichols","RB","FA","0","0.7","1.5","-","4.1","8.2","0.2","4.9","1","4.4","1.2","2","10.7","1.9","1.5","1.6","0","2.7","43.9"
"360","Donald Parham Jr.","TE","LAC","-","-","-","8.9","0","BYE","9.2","0","0","2.3","0","0","4.1","0","0","6.7","12.7","3.4","43.9"
"362","Las Vegas Raiders","DST","LV","0","2","3","0","4","BYE","-4","9","4","16","-2","-1","8","-4","0","3","5","2.7","43"
"363","Chris Thompson","RB","FA","2.6","11.7","8.8","0","7.2","4.5","-","-","7.8","0","-","-","-","-","-","-","-","5.3","42.6"
"364","Marquez Callaway","WR","DEN","-","0","0","2.6","7.4","-","15.5","-","3.1","0","0","0","-","-","-","5.6","8.1","3.8","42.3"
"364","Pharaoh Brown","TE","IND","-","-","0","0","1.4","4.8","0","-","0","10.1","4.2","0","0","-","2.1","3.9","15.8","3.3","42.3"
"366","Matt Breida","RB","NYG","2.2","4.9","0.4","7.8","6.9","4.2","-","1.3","-","-","0.4","5.3","-","-","8.6","0","0","3.5","42"
"367","Tyler Kroft","TE","MIA","0","0","18.4","2.2","0","1.7","10.4","2.1","7.1","-","-","-","-","-","-","0","-","4.2","41.9"
"368","Byron Pringle","WR","WAS","0","0","0","-","3.3","6.6","6","5.2","0","-","4.7","-","-","-","0","0","15.2","3.4","41"
"369","Tyler Johnson","WR","LAR","-","-","0","0","10.1","7.7","8.4","5.5","2.1","0","0","0","-","0","0","4.5","2.6","2.9","40.9"
"370","Freddie Swain","WR","MIA","2.7","9.1","2.3","5.2","3.4","-","0","0","0","6.7","0","0","0","10.2","1.3","0","0","2.6","40.9"
"371","Ian Thomas","TE","CAR","3.6","0","1.9","8.5","0","1.9","2.1","5.8","1.8","1.7","0","1.4","BYE","5","5.9","0","0.9","2.5","40.5"
"372","AJ Dillon","RB","GB","1.4","1.7","0","0.3","BYE","3.1","1.1","4.7","-","-","-","-","-","0","1.8","25.9","0.3","3.7","40.3"
"373","Marcus Johnson","WR","FA","-","-","-","3.7","8.3","15.8","-","5.9","3.4","0","2.4","0","0","0","0","-","-","3.6","39.5"
"374","Aldrick Rosas","K","FA","-","-","-","15","-","-","-","-","-","-","-","9","-","6","2","5","2","6.5","39"
"375","Jesse James","TE","NO","0","0","11.8","4.1","-","1.3","0","3.3","1","2.9","1.3","2","7.9","0","2.1","0","1.2","2.4","38.9"
"376","Marcedes Lewis","TE","FA","0","1.4","8.8","-","-","0","1.9","0","7.1","0","1.8","9.6","4.6","1.6","0","0","1.9","2.6","38.7"
"377","Adam Trautman","TE","DEN","0","2.7","3.7","0","BYE","-","0","0","12.9","0","2.9","1.8","3.9","2.2","0","6.5","1.5","2.5","38.1"
"378","O.J. Howard","TE","LV","13.6","2.1","7.9","14","-","BYE","-","-","-","-","-","-","-","-","-","-","-","9.4","37.6"
"379","Mack Hollins","WR","ATL","0","0","0","0","0","0","-","0","8.1","1.1","1.9","3.9","1.7","11.6","3.8","6.2","-0.7","2.4","37.6"
"380","Nick Boyle","TE","FA","2.3","2.1","7.5","1.9","1.2","12.3","-","0","8.6","1.4","-","-","-","-","-","-","-","4.1","37.3"
"381","Royce Freeman","RB","LAR","2.2","2","5.5","3.2","-","4","2.7","0","0","4.6","0","5","0","0","0.4","4.3","3.2","2.3","37.1"
"382","Josh Adams","RB","FA","10.2","0","-","-","-","-","-","-","-","-","-","0.1","7.4","5","0","0","13.9","4.6","36.6"
"383","Zay Jones","WR","JAC","0","8.5","6.2","7.2","1.2","-","0","0","0","1.6","2.8","1.3","0","1.2","1.9","0","4.7","2.3","36.6"
"384","Rodney Smith","RB","FA","-","-","-","-","-","-","-","-","-","2.5","2.9","1.8","-","4.4","7.7","5.8","11.4","5.2","36.5"
"385","Bryan Edwards","WR","NO","1.9","6.2","6.8","-","-","BYE","-","-","0","2.6","1.1","2.5","0","0","0","2.1","13.1","3","36.3"
"386","Devonta Freeman","RB","FA","-","-","1","10.8","16.7","6.7","0.8","-","-","-","-","-","-","-","-","-","-","7.2","36"
"387","Detroit Lions","DST","DET","1","-3","7","0","BYE","6","4","0","4","4","6","0","5","-1","-1","4","-1","2.2","35"
"388","Bisi Johnson","WR","FA","8.6","3.4","0","0","2.3","0","-","0","0","0","1.9","16.4","0","0","0","2.3","0","2.2","34.9"
"389","Jake Luton","QB","CAR","-","-","-","-","-","-","-","-","22.5","9.8","2","-","BYE","-","-","-","-","11.4","34.3"
"390","Jeff Smith","WR","NYG","-","-","-","15.1","5.3","1.8","0","5.9","0","-","1.5","1.7","-","2.4","0","0","0","2.8","33.7"
"391","Darwin Thompson","RB","FA","0","2.1","-0.9","-","0","1.7","-","0.3","0","-","0","0","0","0","-","0","30","2.6","33.2"
"392","Foster Moreau","TE","NO","0","4.1","10.5","1.8","0","BYE","0","0","0","0","0","0","0","11.7","3.2","0","1.7","2.1","33"
"393","Travis Homer","RB","CHI","2.3","2.1","1.9","7.8","1.4","-","1","0.4","11","4.9","BYE","-","-","-","-","-","-","3.6","32.8"
"394","KeeSean Johnson","WR","BUF","-","-","4.4","-","1.5","-","-","-","-","-","BYE","1.7","6.7","1.9","5.8","7","3.3","4","32.3"
"395","Ray-Ray McCloud III","WR","SF","0","0","0","-","10.5","0","3.2","1.6","3.6","2.3","6.3","-0.2","2.4","0","0.8","0","1.7","2","32.2"
"396","Jeff Driskel","QB","ARI","-","19.7","11.4","0.9","-","-","-","BYE","-","-","-","-","-","-","-","-","-","10.7","32.1"
"397","Jason Witten","TE","FA","1.2","1.3","0","9.8","2.6","-","1.6","4.1","1","0","7.1","0","0","0","0","3.2","0","2","31.9"
"398","Kenny Stills","WR","FA","0","3.6","6.5","11.9","2.4","0","5.4","-","0","1.6","0","-","-","-","-","-","-","3.1","31.4"
"399","JaMycal Hasty","RB","JAC","-","-","2.8","0","0","3.7","8.3","10.1","3.3","2.9","-","-","-","-","-","-","-","3.9","31.1"
"400","Ryan Izzo","TE","FA","3.5","3.9","0","0","-","4.8","1.8","4.4","0","3","7.9","0","1.6","-","-","-","-","2.6","30.9"
"401","Jordan Howard","RB","FA","6.7","6.4","6.1","0.9","-","-","-","-","7.9","-","-","-","1.9","-","-","0.8","-","4.4","30.7"
"402","Mike Thomas","WR","FA","3.7","13.1","2.9","1.5","-0.3","2","7.4","0","-","0","-","-","0","0","0","0","0","2.2","30.3"
"403","Ameer Abdullah","RB","LV","0","0","0","0","0","1.8","-","0","9.2","0","0","0","3.9","4.1","0","1.3","9.7","1.9","30"
"403","Mike Nugent","K","FA","-","-","-","-","-","-","-","-","-","-","-","-","-","14","8","7","1","7.5","30"
"405","Cameron Batson","WR","FA","-","5.7","0","-","-","2.3","-","-","1.6","2.8","4.5","0.5","10.4","0","0","2.2","0","2.5","30"
"406","Dare Ogunbowale","RB","HOU","-","0","0","0","0","0","0","BYE","0","1.5","0","-","0.7","2.2","3.5","10.8","11.2","2.1","29.9"
"407","Noah Brown","WR","HOU","0","4.8","1.9","8.3","0","3.5","0","0","0","-","1.6","0","7","0","2.7","0","0","1.9","29.8"
"408","Brandon Powell","WR","MIN","0","0","5.7","0","0","0","1.4","0","8.3","-","0.3","8.4","1.9","1.9","2.5","-0.8","-","2","29.6"
"409","Nick Vannett","TE","FA","0.4","0","-","1.7","-","1.7","4.5","0","2.1","0","4.4","0","2.7","12","0","0","0","2","29.5"
"410","Alec Ingold","RB","MIA","0","8.5","2.1","4.8","4.5","-","3.1","0.3","1.6","0","2.1","0","1.2","1","0.2","0","0","1.8","29.4"
"411","Jace Sternberger","TE","BUF","0","0","6.6","0","-","0","7.3","7.6","1.1","0","5.3","1.5","0","-","-","-","-","2.5","29.4"
"412","Kaden Smith","TE","IND","3.7","1.9","2.3","2","1.7","4.5","0","1.6","1.8","3.2","-","-","1.3","1.6","1","0","2.6","1.9","29.2"
"412","Jamal Agnew","WR","JAC","0","1","4.2","1.3","-","3.7","0","1.1","-","-","4","0","4.4","2.5","3","6","-2","2.1","29.2"
"414","Albert Okwuegbunam","TE","DEN","-","-","-","-","BYE","6.5","13","7.9","1.7","-","-","-","-","-","-","-","-","7.3","29.1"
"415","Auden Tate","WR","FA","0","-","4.9","2.5","2.2","-","0","13.5","-","4.4","1.5","0","-","-","-","-","-","3.2","29"
"415","KhaDarel Hodge","WR","ATL","2.2","5.9","0","-","-","-","-","0","-","0","10.3","6.1","-","-","0","-","4.5","3.2","29"
"417","John Hightower","WR","LAC","0.8","0","3.9","4.2","5.8","6","6.9","0","-","0","0","1.1","0","-","-","-","0.1","2.2","28.8"
"418","LeSean McCoy","RB","FA","1.2","7.1","4.4","1.6","-","1.7","-","-","-","0","-","0","-","4.5","6.2","1.5","-","2.8","28.2"
"419","Josh Lambo","K","FA","12","6","-","-","-","-","1","-","9","-","-","-","-","-","-","-","-","7","28"
"420","Kalif Raymond","WR","DET","0","0","14.5","-","4.6","6.2","0","2.1","0","0","0","0","0","0","-","0","0","1.8","27.4"
"421","Christian Blake","WR","FA","0","0","0","7.7","0","1.5","0","3.4","6.1","-","4.8","2.7","0","0","0.9","0","0","1.7","27.1"
"422","Austin Seibert","K","FA","0","-","-","-","-","-","-","-","-","-","-","-","-","1","9","14","3","5.4","27"
"423","Marcus Mariota","QB","PHI","-","-","-","-","-","-","-","-","BYE","-","-","-","-","-","26.8","-","-","26.8","26.8"
"424","Tyler Ervin","RB","FA","5.4","1.4","3.3","1.8","-","-","-","1.7","11.2","1.3","-","-","0","-","-","-","-","3.3","26.1"
"425","Chris Hogan","WR","FA","1","13.5","0","6.3","5","-","-","-","-","-","-","-","-","-","-","-","-","5.2","25.8"
"426","C.J. Ham","RB","MIN","0","0.4","2.1","0.2","0","0","BYE","0.2","0","1.8","0","1","8.2","5.2","0","-","6.4","1.7","25.5"
"426","Gunner Olszewski","WR","PIT","-","-","-","2.1","-","0","0","0.6","2.5","0","0","0.1","16.8","0","0","0","3.4","2","25.5"
"428","Equanimeous St. Brown","WR","CHI","-","-","-","-","-","0","0","2.2","0","0","3.3","6.6","1.7","2.5","0","9.1","0","2.1","25.4"
"429","Vance McDonald","TE","FA","1.3","1.3","6.5","-","1.4","0","3.4","0","1.2","-","-","0","0","0","0","1.5","8.3","1.8","24.9"
"430","Malcolm Perry","WR","FA","-","-","-","-","-","-","-","1.5","0","4.7","5.3","1.8","-","1.5","0.4","0","9.5","2.7","24.7"
"431","Maxx Williams","TE","FA","0","-","-","-","-","-","-","-","7.4","0","4.9","3","0","3.7","5.2","-","0","2.7","24.2"
"432","Chad Henne","QB","FA","-","-","-","-","-","-","6.3","0.7","-","-","-","-","-","-","-","-","16.7","7.9","23.7"
"433","Quez Watkins","WR","PHI","-","-","-","-","0","0","-","-","BYE","-","-","-","-","1.3","13","7.7","1.6","3.9","23.6"
"434","Alshon Jeffery","WR","FA","-","-","-","-","-","-","-","-","-","0","0","3.5","0","8.5","8.3","3.2","-","3.4","23.5"
"435","Ke'Shawn Vaughn","RB","TB","-","0","-","10.6","0.5","4.2","0","0","-","-","-","-","BYE","-0.3","0.4","7.9","0","2.3","23.3"
"435","Geoff Swaim","TE","ARI","-","-","-","-","0","3","0","BYE","-","0","1.9","6","0","12.4","-","0","0","2.3","23.3"
"437","Darrell Daniels","TE","FA","0","0","4.4","0","5.7","1.1","0","-","9.1","0","-","-","-","-","1.2","1.7","0","1.9","23.2"
"438","Laquon Treadwell","WR","BAL","-","-","-","-","-","-","BYE","-","-","-","-","-","0","7.9","2.4","9.1","3.5","4.6","22.9"
"439","Anthony McFarland Jr.","RB","PIT","-","-","5.9","BYE","0.6","1.8","0.6","0.1","4.2","-","0.3","3.6","1.5","-","2.4","-","1.7","2.1","22.7"
"439","C.J. Uzomah","TE","NYJ","8.5","14.2","-","-","-","-","-","-","-","BYE","-","-","-","-","-","-","-","11.4","22.7"
"441","Alex Erickson","WR","NYJ","0","0","0","2.6","0","0","0","0","-","-2","2","-0.4","3.7","-0.1","0","14.8","2","1.4","22.6"
"442","DeMichael Harris","WR","FA","-","-","-","-","-","5.9","-","-","9.5","3.1","3","1.3","-0.3","-","-","0","-","3.2","22.5"
"443","Blake Bell","TE","KC","0","5.4","0","4.4","2.3","0","0","0","0.6","BYE","2.3","0","1.2","2.1","2.2","1.7","0","1.4","22.2"
"444","Patrick Laird","RB","TB","2.9","0","0","0","0","1.2","-","0","2.6","1.9","1.8","-1.1","4.2","3.3","5.2","0","0","1.4","22"
"444","Troy Fumagalli","TE","SF","-","-","-","-","-","-","-","-","-","3.2","0","0","0","9.3","0","0","9.5","2.8","22"
"446","MyCole Pruitt","TE","ATL","7.1","0","3.6","-","-","-","0","0","0","BYE","-","-","9.2","0","2","0","0","2","21.9"
"447","Trayveon Williams","RB","CIN","-","-","-","-","-","-","0","0","BYE","2.2","0","2.1","0","7.3","0.8","0.6","8.7","2.2","21.7"
"448","C.J. Board","WR","FA","3.7","6.2","1.9","0.3","0","1.8","-","-","2","0","-","2.1","0.8","0","0","2.6","0","1.5","21.4"
"449","Antonio Williams","RB","FA","-","-","-","-","-","-","-","-","-","-","-","-","-","-","-","-","21.3","21.3","21.3"
"450","Ryan Finley","QB","FA","-","-","0","-","-","-","-","-","-","-","2.1","-","0.6","0.2","18.3","-","-","4.2","21.2"
"451","Alex Collins","RB","FA","-","-","-","-","-","-","-","-","0.5","11.7","-","-","-","-","-","-","8.9","7","21.1"
"452","D'Ernest Johnson","RB","JAC","0.5","0","0","9.5","4.6","0.1","0.3","2.1","-","0","0","0","1.5","0","2.4","0","0","1.3","21"
"452","Corey Clement","RB","ARI","4.1","0","0.8","0.3","0","0","3.1","3.8","-","6.5","-","0.6","0","0","0","0","1.8","1.4","21"
"452","Matthew Wright","K","FA","-","-","-","-","-","-","-","-","-","-","-","-","5","-","-","4","12","7","21"
"455","Ryan Nall","RB","FA","0","1.2","0","0","0","0","-","1.2","13.5","2.8","-","2","0","0","0","0","0","1.4","20.7"
"456","Jacoby Brissett","QB","WAS","0","-","0.7","-","-","-","-","BYE","0","6.2","0.9","12.3","0.1","-0.2","0.2","0.1","0.3","1.9","20.6"
"457","Gabe Nabers","RB","FA","0","0","0","1.9","0","-","0","7.2","7.4","1.9","0","0","0","0.3","0","0","1.5","1.3","20.2"
"458","Chase McLaughlin","K","TB","-","-","-","-","-","-","-","-","-","10","4","-","4","-","-","-","2","5","20"
"459","Troymaine Pope","RB","FA","-","-","-","-","0","-","0.6","14.5","-","0","3.6","1.1","-","-","-","-","-","3.3","19.8"
"460","Lee Smith","TE","FA","-","-","7.1","-","-","0","-","0","-","0","-","1.3","0","0","0","11.1","0","2","19.5"
"461","Mason Rudolph","QB","PIT","-","-","-","BYE","-","-0.1","-","-","0.1","0","-0.4","-","-","-","-","-","19.7","3.9","19.4"
"462","Colt McCoy","QB","ARI","-","-","-","-","-","-","-","BYE","-","-","-","1.9","9.4","-1.3","9.1","-","-","4.8","19.2"
"463","Josh Hill","TE","FA","0","2.6","0","1.7","1.1","-","1","1.7","9.4","0","-","0","0","1.1","0","0","-","1.3","18.6"
"463","Stephen Anderson","TE","FA","0","0","0","0","0","-","0","0","0","0","0","0","1.6","0","0","8.8","8.2","1.2","18.6"
"465","Trent Taylor","WR","CIN","2.7","3","3","0","0","1.8","0","6.2","1.9","0","-","0","-","-","0","-","-","1.6","18.6"
"466","Malik Taylor","WR","NYJ","0","0","0","3","-","0","8.6","3.6","0.9","0","0","0","2.4","-","0","0","0","1.2","18.5"
"467","Ryan Griffin","TE","FA","0","0","0","4","0","3.7","0","0","4.8","-","0","0","5.1","0","0","-","0","1.2","17.6"
"468","Keith Smith","RB","ATL","0","1.3","1.3","1.4","0.1","1.3","0","0","0.1","BYE","1.4","0","0","1.1","6.2","3.4","0","1.1","17.6"
"469","Tarik Cohen","RB","FA","6.7","3.7","7.1","-","-","-","-","-","-","-","-","-","-","-","-","-","-","5.8","17.5"
"469","Jakob Johnson","RB","LV","0","7.1","1.6","0","-","0","1.1","0","2.6","4","0","0","1.1","0","0","0","0","1.1","17.5"
"471","Patrick Ricard","RB","BAL","-0.2","7.1","0","0","1.7","0","BYE","0","0","1.2","1.5","-","3.1","0","3","0","0","1.2","17.4"
"472","DeAndre Washington","RB","FA","-","-","-","-","-","-","1.7","-","-","0.2","-","8","-","7.2","-","-","-","4.3","17.1"
"473","Javon Wims","WR","CAR","7.1","3.7","0","0","0","0","1.8","1.9","-","-","-","-","2.3","0.2","0","0","0","1.3","17"
"473","D'Onta Foreman","RB","CHI","-","-","-","-","-","-","-","3.7","1.1","9.3","0.1","2.8","0","-","-","-","-","2.8","17"
"475","Reggie Bonnafon","RB","FA","-","-","1.6","15.1","-","-","-","-","-","-","-","-","-","-","-","-","-","8.4","16.7"
"476","Jaylen Samuels","RB","FA","1.3","1.4","0.1","-","0","0","0.5","0","0","0","-","-","4.2","6.3","2.6","0","0","1.2","16.4"
"476","Justin Watson","WR","KC","1.6","6.8","-","8","-","0","0","0","-","0","0","0","-","0","-","-","0","1.5","16.4"
"478","T.J. Yeldon","RB","FA","-","-","1.8","0","14.4","-","-","-","-","-","-","-","-","-","-","-","-","5.4","16.2"
"479","Darrynton Evans","RB","BUF","-","-","0.9","-","1.2","-","-","-","-","-","BYE","-","-","-","13.7","0.3","0","3.2","16.1"
"480","Austin Mack","WR","FA","-","-","-","-","-","1.1","0","0","11.2","1.9","-","0","0","0","0","0","1.9","1.5","16.1"
"481","Jarrett Stidham","QB","DEN","-","-","-","4.7","BYE","-","1.9","-","-","-","-","-","6.2","1.4","-","1.8","-","3.2","15.9"
"482","Ty Montgomery","RB","NE","-0.4","4.5","-","-","BYE","-","-","-","-","0","0","-","-","-","-","0","11.7","2.6","15.8"
"483","Dante Pettis","WR","CHI","0","0","0","0","-","-","-","-2","-","-","BYE","-","-","-","-","5.3","12.3","2.2","15.6"
"484","Garrett Gilbert","QB","FA","-","-","-","-","-","-","-","-","15.5","-","-","-","-","-","-","-","0","7.8","15.5"
"485","Saquon Barkley","RB","NYG","12.6","2.8","-","-","-","-","-","-","-","-","BYE","-","-","-","-","-","-","7.7","15.4"
"486","Blaine Gabbert","QB","KC","-","-","-","-","-","0.2","-","-","-0.1","0","-","-","-","-","-","15.2","-","3.8","15.3"
"486","Brett Rypien","QB","LAR","-","-","1.1","14.2","-","-","0","-","BYE","-","-","-","-","-","-","-","-","5.1","15.3"
"488","Mike Boone","RB","HOU","0","0","0","0","1.9","1.5","-","0","0","0","0","0","0","2.2","0","6.4","2.9","0.9","14.9"
"489","Parris Campbell","WR","NYG","14","0.7","-","-","-","-","-","-","-","-","BYE","-","-","-","-","-","-","7.4","14.7"
"490","J.J. Arcega-Whiteside","WR","ATL","0","0","0","-","4.7","2","1.8","0","-","BYE","-","-","-","-","-","-","6","1.8","14.5"
"491","Chase Daniel","QB","FA","-","-","-","-","-","-","-","-","7.3","-","-","-","-","1.2","2.3","3.4","-","3.5","14.2"
"492","Virgil Green","TE","FA","2","0","0","0","2.4","-","9.6","-","-","-","-","-","-","-","-","-","-","2.3","14"
"493","John Wolford","QB","TB","-","-","-","-","-","-","-","-","-","-","-","-","BYE","-","-","-","13.8","13.8","13.8"
"494","Lil'Jordan Humphrey","WR","DEN","-","-","-","-","BYE","-","-","-","-","-","-","-","-","-","10.9","0","2.7","4.5","13.6"
"495","P.J. Walker","QB","CHI","-","-","-","-","-","-","-","0.1","-","0.5","12.1","-","-","-","-","-","0.8","3.4","13.5"
"495","Diontae Spencer","WR","FA","0","0","1.7","0","-","0.9","-","-","-","0","0","-","-","6","0","2.9","2","1.2","13.5"
"497","Devine Ozigbo","RB","FA","-","-","-","-","-","-","0","-","-","-","3.5","0","0","7","1.4","1.4","0","1.7","13.3"
"497","Luke Stocker","TE","FA","0","0","1.6","0","1.2","0","0","0","2.2","-","0","0","0","0","4.1","1.9","2.3","0.8","13.3"
"499","Justice Hill","RB","BAL","-","-","-","0","-","0","BYE","0","0","1.3","0","6","1.4","0.4","1.8","0","2.1","1.1","13"
"500","Jaydon Mickens","WR","NYG","0","0","0","0","4.2","0","0","8.6","0","-","BYE","-","-","-","-","-","0","1.3","12.8"
"501","Tevin Coleman","RB","FA","3.4","6","-","-","-","-","-","2","-","-","-","-","-1.1","0","1.1","1.3","0","1.6","12.7"
"501","C.J. Prosise","RB","FA","-","0","0.1","0","0","0","0","-","-","0.8","3.2","6.4","-","2.2","-","-","-","1.3","12.7"
"503","J.J. Taylor","RB","NE","4.2","-0.1","4.3","-","BYE","-","-","-","-","-","-","-","-","-","0.2","3.8","0","2.1","12.4"
"504","Tyrie Cleveland","WR","PHI","1.7","-","0","0","-","0","0","0","0","-","-","0","2.1","-","-","-","8.5","1.2","12.3"
"504","KJ Hill Jr.","WR","FA","0","0","2.5","0","1.8","-","-","0","-2","0","0","0","1.7","1.4","6.9","0","0","0.8","12.3"
"506","Pharoh Cooper","WR","FA","0","0","0","0","2.2","0","0","0","0","0","0","0","-","8.2","0","0","1.9","0.8","12.3"
"507","Tristan Vizcaino","K","DAL","-","-","-","-","-","-","-","-","-","BYE","-","-","-","-","-","-","12","12","12"
"508","Devin Asiasi","TE","CIN","0","0","0","-","-","0","-","-","BYE","-","-","-","-","0","0","0","11.9","1.5","11.9"
"509","Taylor Heinicke","QB","ATL","-","-","-","-","-","-","-","-","-","BYE","-","-","-","-","-","11.7","-","11.7","11.7"
"510","Demetrius Harris","TE","FA","0","0","4.5","1.6","1.9","0","3.5","0","0","0","-","0","0","0","0","-","0","0.8","11.5"
"511","Chris Manhertz","TE","DEN","1.4","1.8","0","2.7","0","1.6","0","1.6","0","0","0","2.1","-","0","0","0","0","0.7","11.2"
"512","Steven Mitchell Jr.","WR","FA","-","-","-","-","-","-","-","-","-","-","-","0","0","6.8","0","1.2","3","1.8","11"
"512","Ja'Marcus Bradley","WR","PIT","-","-","-","BYE","-","-","-","-","-","-","-","-","0","0","-","11","-","3.7","11"
"514","Theo Riddick","RB","FA","-","-","-","1.3","-","-","-","-","-","-","-","-","1.9","0","-0.5","-","8","2.1","10.7"
"515","Dominique Dafney","TE","TB","-","-","-","-","-","-","-","-","-","-","-","-","0","0","0","2.3","8.3","2.1","10.6"
"515","Deon Yelder","TE","FA","-","-","0","1.5","0","0","0","1.5","0","-","0","1.2","0","0","1.6","2.2","2.6","0.8","10.6"
"517","Cethan Carter","TE","FA","0","0","1.1","3.4","0","0","-","1.2","-","0","0","1.5","0","0","0","0","3.1","0.7","10.3"
"517","Nick Keizer","TE","FA","0","0","0","0","0","1.2","3.6","1.5","0","-","1.5","0","2.5","0","0","0","0","0.6","10.3"
"517","Damion Ratley","WR","FA","0","0","3.9","6.4","0","-","-","-","-","-","-","-","-","-","-","-","-","2.1","10.3"
"520","Matt Barkley","QB","BUF","-","-","-","-","0.9","-","-","-","-","-","BYE","0","-","-","0","0.1","9.3","2.1","10.3"
"521","River Cracraft","WR","MIA","-","-","-","-","-","-","BYE","0","3.3","0","-","0","0","0","3.1","0","3.7","1.1","10.1"
"522","Trent Sherfield","WR","BUF","0","0","0","0","1.6","0","0","-","0","0","0","-","0","0","0","0","8.4","0.7","10"
"523","Courtland Sutton","WR","DEN","-","9.6","-","-","BYE","-","-","-","-","-","-","-","-","-","-","-","-","9.6","9.6"
"523","Reggie Gilliam","RB","BUF","0","7.1","0","0","0","0","2.5","0","0","0","BYE","0","0","0","0","-","-","0.7","9.6"
"523","Levine Toilolo","TE","FA","2.3","0","0","0","0","0","0","1.9","1","0","-","0","0","0","2.4","0","2","0.6","9.6"
"526","Ashton Dulin","WR","IND","0","1.6","0","0","4.7","0","BYE","2.3","-","-","-","0","0","0","0","0.8","0","0.7","9.4"
"526","Artavis Pierce","RB","FA","-","-","-","-","-","0","-","-","0","0.9","-","-","-","-","-","8.6","-0.1","1.9","9.4"
"528","Johnny Mundt","TE","MIN","0","0","0","1.5","0","0","7.8","0","-","0","0","0","0","0","0","0","0","0.6","9.3"
"529","Trace McSorley","QB","NE","-","-","-","-","BYE","-","-","-","-","-","-","8.7","-","0.6","-","-","-","4.7","9.3"
"530","Jake Kumerow","WR","FA","-","-","-","-","-","-","-","-","0","0","-","0","0","0","9.2","-","-","1.5","9.2"
"531","Tyrod Taylor","QB","NYG","9","-","-","-","-","-","-","-","0","-","BYE","-","-","-","-","-","-","4.5","9"
"532","Joe Reed","WR","CHI","0","0.8","0","-","-","-","7.4","0","0.7","0","0","0","-","-","-","0","0","0.8","8.9"
"533","Chris Streveler","QB","NYJ","0.3","0","0","-","-","-","-","-","-","BYE","0","-","-","-","-","-","8.4","1.7","8.7"
"534","Michael Burton","RB","DEN","0","0","0","1.7","0.2","-","0","0.1","2.3","0","0","0","0","0","1.9","2.4","-","0.6","8.6"
"534","Marlon Mack","RB","FA","8.6","-","-","-","-","-","-","-","-","-","-","-","-","-","-","-","-","8.6","8.6"
"536","Nick Westbrook-Ikhine","WR","TEN","-","0","0","BYE","1.7","2","0","0","0","0","1.7","0","-","0","0","2.9","0","0.6","8.3"
"536","Anthony Sherman","RB","FA","0.2","0","7.5","-","0","-","-","-","0","-","0","0","0","0","0","0","0.6","0.7","8.3"
"538","Jonathan Ward","RB","TEN","-","-","0","0","0","0","0","-","0","0","0","0","0","0","0","0","8.1","0.6","8.1"
"539","Trenton Cannon","RB","FA","0","0","-","-","-0.1","4.7","0.7","0","0","0","0","2.8","-","-0.2","0","0","0","0.6","7.9"
"539","Khari Blasingame","RB","CHI","1.5","0","0","-","-","0","0","1.5","0","2.3","0","2.6","0","0","0","0","0","0.5","7.9"
"539","Juwan Johnson","TE","NO","-","-","-","-","-","BYE","0","1.5","-","-","-","-","0","2.1","0","2.9","1.4","1.1","7.9"
"542","Colin Thompson","TE","MIN","-","0","0","0","0","0","0","0","0","7.7","0","0","-","0","0","0","0","0.5","7.7"
"542","Buddy Howell","RB","FA","0","0","0","0","-","-","0","-","0","0","0","0","0","5.5","2.2","0","0","0.6","7.7"
"542","Alex Armah Jr.","RB","WAS","0.1","2.4","0","0.2","0.2","0","0.1","0","0","1.5","0","0","-","1","1.9","0.3","0","0.5","7.7"
"545","Darrius Shepherd","WR","LAC","-","-","0","4.1","-","2.6","0","1.6","1.3","-","-2","0","-","-","-","-","-","1","7.6"
"546","Jason Croom","TE","FA","-","-","-","-","0","7.3","0","0","-","-","-","-","-","-","-","-","-","1.8","7.3"
"546","Jordan Thomas","TE","CAR","-","0","0","7.3","-","0","-","-","-","-","0","0","BYE","-","-","-","-","1.2","7.3"
"548","Tanner Hudson","TE","CIN","-","0","0","0","1.9","0","2.2","0","0","0","-","-","-","-","0","3","-","0.6","7.1"
"549","Isaiah Zuber","WR","FA","-","-","1.3","0.8","-","2.6","-","2.3","-","-","-","-","-","-","-","-","-","1.8","7"
"550","Ben DiNucci","QB","DEN","-","-","-","-","BYE","0","1.6","5.4","-","-","-","-","-","-","-","-","-","2.3","7"
"551","Josh Malone","WR","FA","0","6.8","0","0","-","-","-","-","-","-","-","-","-","-","-","-","-","1.7","6.8"
"552","Charlie Woerner","TE","SF","0","0","0","0","0","0","0","0","0","0","BYE","0","5.3","0","-","-","1.3","0.5","6.6"
"553","Brandon Zylstra","WR","FA","0","0","0","0","0","0","1.4","0","3.8","0","0","0","-","1.3","0.1","0","0","0.4","6.6"
"554","Kahale Warring","TE","FA","0","-","-","-","-","-","-","-","-","-","-","0","0","0","5.2","1.3","0","0.9","6.5"
"554","Terry Godwin","WR","FA","-","-","-","-","-","-","-","-","-","0","0","-","-","-","-","-","6.5","2.2","6.5"
"556","Dontrell Hilliard","RB","FA","-","-","-","3.1","0","2.9","0","0","-","-","-","-","-","-","-","0","0","0.9","6"
"557","Robert Foster","WR","FA","-","-","-","-","-","-","-","-","-","-","0","-","-","0","1.9","3.8","-","1.4","5.7"
"558","Lawrence Cager","WR","NYG","-","-","5.5","0","-","-","-","-","-","-","BYE","-","-","-","-","-","-","2.8","5.5"
"558","Elijhaa Penny","RB","FA","0","0","0","0","0.3","0","0","2.1","0.2","0","-","0","0.8","0","2.1","-","-","0.4","5.5"
"558","Jaeden Graham","TE","FA","0","0","0","0","1.7","0","0","0","0","-","0","2.1","0","1.7","0","0","0","0.3","5.5"
"561","Hunter Bryant","TE","FA","-","-","-","-","-","-","-","-","-","-","-","-","0","0","5.4","0","0","1.1","5.4"
"562","Daniel Brown","TE","FA","0","0","0","0","0","0","0","0","0","-","0","0","0","0","0","2.3","2.8","0.3","5.1"
"563","Tavon Austin","WR","FA","-","-","-","-","-","-","-","-","-","-","-","-","-","2.8","0","2.5","-0.3","1.3","5"
"564","Eric Saubert","TE","MIA","-","-","-","-","-","-","0","-","-","-","1.3","0","0","1.4","0","0","1.9","0.6","4.6"
"564","Dalton Keene","TE","FA","-","-","-","-","-","-","1.8","-","-","-","-","-","0","0","1.2","0","1.6","0.8","4.6"
"564","Jonathan Williams","RB","WAS","-","-","-","-","-","-","-","BYE","0","0","0","4.6","0","-","-","-","-","0.9","4.6"
"567","Robert Griffin III","QB","FA","0.3","-","-","-0.7","-0.1","-","-","-","-","-","-","5.1","-","-","-","-","-","1.1","4.6"
"568","Daurice Fountain","WR","CHI","-","0","4.3","0","0","-","-","-","0","-","BYE","-","-","-","-","-","-","0.9","4.3"
"569","Stephen Carlson","TE","CHI","0","0","0","2","0","0","0","0","-","0","0","2.1","0","0","0","0","0","0.3","4.1"
"570","Jonathan Brown","K","FA","-","-","-","-","-","4","-","-","-","-","-","-","-","-","-","-","-","4","4"
"570","Austin Walter","RB","LV","-","-","-","-","-","BYE","-","-","0","4","-","0","-","-","-","-","0","1","4"
"570","Antonio Callaway","WR","FA","-","-","-","-","-","-","-","-","-","-","2.3","1.7","0","0","0","-","-","0.8","4"
"570","Ben Ellefson","TE","FA","0","0","-","-","-","-","2","-","0","0","2","0","-","-","-","-","-","0.6","4"
"570","Elliott Fry","K","DEN","-","-","-","4","BYE","-","-","-","-","-","-","-","-","-","-","-","-","4","4"
"575","John Ross","WR","FA","3.7","0","-","-","-","0","-","-","-","-","-","-","-","-","-","-","-","1.2","3.7"
"576","Andy Janovich","RB","FA","0","1","2.3","0","0.4","0","0","0","-","0","-","-","0","0","0","0","0","0.3","3.7"
"577","Colby Parkinson","TE","SEA","-","-","-","-","-","BYE","-","0","-","-","-","0","0","3.6","0","-","0","0.6","3.6"
"578","Antonio Gandy-Golden","WR","FA","-","1.3","2.2","0","0","0","-","-","-","-","-","-","-","-","-","0","-","0.6","3.5"
"579","Rashaad Penny","RB","PHI","-","-","-","-","-","-","-","-","BYE","-","-","-","-","-","0.6","0.9","1.9","1.1","3.4"
"580","Penny Hart","WR","ATL","0","-","0","0","0","-","-","0","0","0","0","0","0","3.2","-","0","0","0.2","3.2"
"581","Bo Scarbrough","RB","FA","-","-","-","-","-","-","-","-","-","-","3.1","-","-","-","-","-","-","3.1","3.1"
"581","Bennie Fowler III","WR","FA","0","0","0","0","3.1","-","-","-","-","-","-","-","-","-","-","-","-","0.6","3.1"
"581","Andre Roberts","WR","FA","0","0","0","1.3","0.6","0","0","0","0","0","-","0","0","0","-2","3.2","-","0.2","3.1"
"584","Brian Hoyer","QB","LV","-","-","-","3","-","BYE","-","-","-","-","-","-","-","-","-","-","-","3","3"
"585","Chandler Cox","RB","FA","0","0","0","1.3","1.6","0","-","-","0","-","-","-","0","-","-","-","-","0.4","2.9"
"586","Jason Huntley","RB","PIT","0.1","-","-","BYE","-","0","1.3","0","-","-","-","-","-","-","-","-","1.5","0.6","2.9"
"586","Tommylee Lewis","WR","FA","-","-","-","-","-","-","-","1.5","-","-","-","-","1.6","0","0","-","-0.2","0.6","2.9"
"586","Donte Moncrief","WR","FA","-","-","-","-","-","-","-","-","-","-","2.5","0","0.4","0","-","0","0","0.5","2.9"
"586","Tyler Huntley","QB","BAL","-","-","-","-","-","-","BYE","-","-","-","-","-","-","-","2.1","-","0.8","1.5","2.9"
"590","David Blough","QB","ARI","-","-","-","-","-","-","-","BYE","-","-","-","-","-","-","-","2.8","-","2.8","2.8"
"591","LeVante Bellamy","RB","FA","-","0","0","0","-","-","-","-","-","-","-","-","-","-","-","2.6","0","0.5","2.6"
"591","Jaleel Scott","WR","FA","-","-","-","-","-","-","-","-","-","-","-","-","-","2.6","-","-","-","2.6","2.6"
"591","Scottie Phillips","RB","FA","0","-","-","-","-","-","-","-","-","-","0","0","0","0","2.6","0","0","0.3","2.6"
"591","Lamar Miller","RB","FA","-","-","-","-","-","-","-","-","-","2.6","-","-","-","-","-","-","-","2.6","2.6"
"595","Jake Butt","TE","FA","1","0","1.5","0","-","0","-","-","-","-","-","-","-","-","-","-","-","0.5","2.5"
"596","Rico Dowdle","RB","DAL","0","-","0","0","0","1.3","0","0","0","BYE","0","0","0","0","1.1","0","0","0.2","2.4"
"596","James Proche II","WR","BAL","0","0","0","0","0","0","BYE","0","0","0","2.4","0","0","0","0","-","-","0.2","2.4"
"596","Tommy Stevens","QB","FA","-","-","-","-","-","-","-","-","-","-","-","-","-","-","-","-","2.4","2.4","2.4"
"596","Jameis Winston","QB","NO","-","-","-","-","-","BYE","-","-","0.2","2.3","-","0","-","-","-","-","-0.1","0.6","2.4"
"596","Derek Carrier","TE","FA","0","0","0","0","0","-","0","0","0","0","2.4","0","0","0","0","0","0","0.2","2.4"
"601","Keith Kirkwood","WR","NO","-","-","-","-","-","2.3","-","-","-","-","-","-","-","-","-","-","-","2.3","2.3"
"601","Vyncint Smith","WR","IND","-","-","-","-","-","0","0","2.3","-","-","0","0","-","-","-","0","0","0.3","2.3"
"603","Blake Jarwin","TE","FA","2.2","-","-","-","-","-","-","-","-","-","-","-","-","-","-","-","-","2.2","2.2"
"603","Luke Willson","TE","FA","0","0","-","0","0","-","-","0","-","-","0","0","2.2","-","-","-","-","0.3","2.2"
"603","Cody Hollister","WR","FA","0","-","-","-","2.2","-","-","-","-","-","-","-","-","-","-","-","-","1.1","2.2"
"603","Josiah Deguara","TE","GB","2.2","-","-","0","BYE","-","-","-","-","-","-","-","-","-","-","-","-","1.1","2.2"
"607","Marcus Kemp","WR","WAS","0","0","0","-","-","0","2.1","0","-","-","-","0","0","0","-","-","0","0.2","2.1"
"608","Joshua Dobbs","QB","CLE","-","-","-","-","-","-","-","-","BYE","-","-","-","-","-","-","-","2.1","2.1","2.1"
"609","Temarrick Hemingway","TE","FA","-","-","-","-","2","0","0","-","0","0","0","0","0","-","-","-","-","0.3","2"
"609","Gehrig Dieter","WR","FA","-","-","-","-","-","-","-","-","0","-","0","-","-","-","-","0","2","0.5","2"
"609","Stephen Hauschka","K","FA","-","-","-","-","2","-","-","-","-","-","-","-","-","-","-","-","-","2","2"
"612","D.J. Foster","RB","FA","0","0","-","-","-","-","-","-","1.9","0","0","0","0","-","0","0","0","0.2","1.9"
"612","Nathan Peterman","QB","CHI","-","-","-","-","-","-","-","-","-","-","BYE","1.9","-","-","-","-","-","1.9","1.9"
"614","Case Keenum","QB","HOU","-","-","-","-","-","1.8","-","BYE","-","-","-","-","-","-","-","0","-","0.9","1.8"
"615","Craig Reynolds","RB","DET","-","-","-","-","BYE","-","-","-","-","-","-","0","-","-","-","1.7","-","0.9","1.7"
"616","Brandon Dillon","TE","WAS","-","-","-","-","-","-","-","BYE","-","0","-","1.6","0","-","-","-","-","0.5","1.6"
"616","Cullen Gillaspia","RB","FA","-","0","1.6","-","0","0","0","-","0","0","-","-","-","-","-","-","-","0.2","1.6"
"616","Jeremy Sprinkle","TE","FA","0","0","0","0","0","0","1.6","-","0","0","0","0","0","0","0","0","0","0.1","1.6"
"619","Trenton Irwin","WR","CIN","-","-","-","-","-","-","-","-","BYE","-","-","-","-","-","-","1.5","-","1.5","1.5"
"619","Dwayne Washington","RB","FA","-","-","0","0","0","-","0","0","0.9","-","-","0.6","0","0","0","0","-","0.1","1.5"
"619","Trevon Wesco","TE","TEN","0","0","0","0","1.5","0","0","0","-","-","-","-","-","0","0","0","0","0.1","1.5"
"622","Isaac Nauta","TE","FA","-","-","-","-","-","0","1.3","0","0","0","0","0","-","-","-","-","-","0.2","1.3"
"622","Tony Jones Jr.","RB","DEN","-","-","-","-","BYE","-","-","-","-","-","-","-","-","-","-","-","1.3","1.3","1.3"
"624","Logan Woodside","QB","ATL","-","-","-","-","-","-","-","-","-","0","0.3","-0.5","-","1.8","-0.3","0","-","0.2","1.3"
"625","Bruce Miller","TE","FA","1.2","0","0","0","0","0","0","-","-","-","-","-","-","-","-","0","-","0.2","1.2"
"625","Marcus Baugh","TE","FA","0","1.2","0","0","-","-","-","-","-","-","-","-","-","0","0","0","0","0.2","1.2"
"627","Geno Smith","QB","SEA","-","-","-","-","-","BYE","-","-","-","-","-","-","-","1.1","-","-","-","1.1","1.1"
"628","Brandon Wright","K","FA","-","-","1","-","-","-","-","-","-","-","-","-","-","-","-","-","-","1","1"
"628","Taylor Russolino","K","FA","-","-","-","-","-","-","-","-","-","-","-","-","-","-","1","-","-","1","1"
"630","Senorise Perry","RB","FA","0","0.9","-","-","-","-","-","-","-","-","0","0","0","0","0","-","-","0.1","0.9"
"631","Dexter Williams","RB","FA","-","-","-","-","-","-","0","-","0.8","-","-","-","-","-","-","0","-","0.3","0.8"
"631","AJ McCarron","QB","FA","-","-","-","-","-","-","-","-","-","-","-","-","-","0","-","-","0.8","0.4","0.8"
"633","Tyler Bray","QB","FA","-","-","-","-","-","-","-","-","-","0.7","-","-","-","-","-","-","-","0.7","0.7"
"634","John Lovett","QB","MIA","0","0","0","0","-","0","0","0","0.6","-","-","-","-","-","-","-","-","0.1","0.6"
"635","Tony Brooks-James","RB","FA","-","-","-","-","-","-","-","-","-","-","-","0.4","-","-","-","-","-","0.4","0.4"
"636","Qadree Ollison","RB","JAC","-","-","0","-","-","-","-","0.3","0","-","-","-","-","-","-","-","-","0.1","0.3"
"636","JoJo Natson","WR","FA","0","0","0.3","-","-","-","-","-","-","-","-","-","-","-","-","-","-","0.1","0.3"
"638","Javon Leake","RB","FA","-","-","-","-","-","-","-","-","-","-","-","-","-","0","-","-","-","0","0"
"638","Dan Chisena","WR","PIT","0","0","0","0","0","0","-","-","0","0","-","0","0","0","0","0","0","0","0"
"638","Duke Williams","WR","FA","-","-","-","-","-","-","0","-","-","-","-","-","-","-","-","-","-","0","0"
"638","J.P. Holtz","TE","FA","0","0","0","0","0","0","0","0","0","0","-","0","0","0","0","0","0","0","0"
"638","Matthew Slater","WR","NE","0","0","0","-","BYE","0","0","0","0","0","0","0","0","0","0","0","0","0","0"
"638","Tajae Sharpe","WR","FA","0","0","-","-","-","-","-","-","-","-","-","0","-","0","-","-","-","0","0"
"638","Isaiah Coulter","WR","BUF","-","-","-","-","-","-","-","-","-","-","BYE","-","-","0","-","-","-","0","0"
"638","Sean Culkin","TE","FA","-","-","-","-","-","-","-","-","-","-","-","0","-","-","-","-","-","0","0"
"638","Brycen Hopkins","TE","LAR","-","-","-","-","-","-","-","-","BYE","-","-","0","-","0","0","-","0","0","0"
"638","Wendell Smallwood","RB","FA","-","-","-","-","-","-","-","-","-","-","-","0","-","-","-","-","-","0","0"
"638","Quinton Bell","WR","FA","0","0","0","0","0","-","-","-","-","-","-","-","-","-","-","-","-","0","0"
"638","Darius Bradwell","RB","FA","-","0","0","-","-","-","-","-","-","-","-","-","-","-","-","-","-","0","0"
"638","Trey Quinn","WR","DET","-","-","-","-","BYE","-","-","-","-","-","-","0","-","-","-","-","-","0","0"
"638","Eric Tomlinson","TE","HOU","0","-","-","-","-","-","-","BYE","-","-","-","0","0","0","0","0","0","0","0"
"638","Malik Turner","WR","IND","0","0","0","0","-","-","BYE","-","-","-","-","-","-","-","-","0","0","0","0"
"638","Jordan Matthews","WR","FA","-","-","-","-","-","-","-","-","-","-","-","-","-","-","-","0","0","0","0"
"638","Dezmon Patmon","WR","BUF","-","-","-","-","-","-","-","-","-","-","BYE","-","-","-","-","-","0","0","0"
"638","Hale Hentges","TE","FA","-","-","-","-","-","-","-","-","-","-","-","-","-","-","-","-","0","0","0"
"638","Nate Becker","TE","FA","-","-","-","-","-","-","-","-","-","-","-","-","-","-","-","-","0","0","0"
"638","Kevin Rader","TE","TEN","-","-","-","BYE","-","-","-","-","-","-","-","-","-","-","-","-","0","0","0"
"638","Xavier Jones","RB","FA","0","0","0","0","0","0","-","0","-","0","0","0","0","-","-","0","0","0","0"
"638","Beau Brinkley","TE","FA","0","0","0","-","0","0","0","0","-","-","-","-","-","-","-","-","-","0","0"
"638","Justin Hardee","WR","NYJ","0","0","0","0","-","-","0","0","-","BYE","-","-","-","0","0","0","0","0","0"
"638","Clark Harris","TE","FA","0","0","0","0","0","0","0","0","-","0","0","0","0","0","0","0","0","0","0"
"638","Derrick Willies","WR","FA","-","-","-","-","-","-","-","-","-","-","-","-","-","-","-","0","-","0","0"
"638","Chris Rowland","WR","FA","-","-","-","-","-","-","-","-","-","-","-","-","-","-","-","0","0","0","0"
"638","Joe Webb III","QB","FA","-","-","-","-","-","-","-","-","-","-","-","-","-","-","0","0","-","0","0"
"638","Jake Bargas","TE","NO","-","-","-","-","-","BYE","-","-","-","-","-","-","-","-","-","0","-","0","0"
"638","Matt Sokol","TE","NE","-","-","-","-","BYE","-","-","-","-","-","-","-","-","-","-","0","0","0","0"
"638","K.J. Osborn","WR","MIN","0","0","-","0","-","-","BYE","0","0","0","0","-","0","-","-","0","-","0","0"
"638","Antony Auclair","TE","FA","0","-","-","-","-","-","-","0","0","0","0","0","-","0","-","-","0","0","0"
"638","Sewo Olonilua","RB","FA","-","-","-","-","-","-","-","-","-","-","-","-","-","-","0","0","-","0","0"
"638","Michael Warren II","RB","FA","-","-","-","-","-","-","-","-","-","-","-","-","-","-","0","-","-","0","0"
"638","Derek Watt","RB","FA","0","0","0","-","-","0","-","-","-","0","0","0","0","0","0","0","0","0","0"
"638","Andrew Beck","TE","HOU","0","0","0","0","-","0","-","BYE","-","-","-","-","0","0","0","0","0","0","0"
"638","Farrod Green","TE","FA","-","0","-","-","-","-","-","-","-","-","-","-","-","-","-","-","-","0","0"
"638","Sean McKeon","TE","DAL","-","0","0","-","0","0","0","0","0","BYE","0","0","0","0","0","0","0","0","0"
"638","Noah Togiai","TE","ARI","-","0","0","-","-","0","-","BYE","-","0","-","-","-","-","-","-","-","0","0"
"638","Jeff Badet","WR","FA","-","-","-","-","-","-","0","-","0","0","-","-","-","-","-","-","-","0","0"
"638","Rashod Berry","TE","IND","-","-","-","-","-","0","BYE","-","-","-","-","-","0","-","-","-","0","0","0"
"638","Kirk Merritt","WR","NO","-","-","-","-","-","BYE","-","-","0","-","-","-","-","-","-","-","-","0","0"
"638","Jason Moore Jr.","WR","FA","-","-","-","0","-","-","-","0","-","-","-","-","-","-","-","-","-","0","0"
"638","Ross Travis","TE","FA","-","-","-","-","-","-","-","-","0","-","-","-","-","-","-","-","-","0","0"
"638","Keelan Doss","WR","LAC","-","-","-","0","-","BYE","-","-","-","-","-","-","-","-","-","-","-","0","0"
"638","Trey Edmunds","RB","FA","-","-","-","-","0","-","0","0","-","0","-","-","-","-","-","-","-","0","0"
"638","Evan Baylis","TE","FA","-","-","-","-","0","0","0","-","-","-","0","0","-","-","-","-","-","0","0"
"638","Nathan Cottrell","RB","FA","0","-","-","-","-","-","-","-","-","-","0","0","0","0","0","0","0","0","0"
"638","Kevin White","WR","FA","-","-","-","-","0","0","-","-","0","-","-","-","-","-","-","-","-","0","0"
"638","Jeremy Cox","RB","FA","-","-","-","-","-","0","0","0","0","0","0","0","-","-","-","-","-","0","0"
"638","Ricky Seals-Jones","TE","FA","-","-","-","-","-","0","-","-","-","-","-","-","-","-","-","0","-","0","0"
"638","Adrian Killins Jr.","RB","FA","-","-","-","0","-","-","-","-","-","-","-","-","-","-","-","-","-","0","0"
"638","Marken Michel","WR","FA","-","-","-","-","-","-","-","0","-","-","-","-","-","0","-","-","-","0","0"
"638","Daniel Helm","TE","FA","-","-","-","-","-","0","-","-","0","0","-","-","-","-","0","0","-","0","0"
"638","Taywan Taylor","WR","FA","-","-","-","-","-","0","-","0","-","-","-","0","-","-","-","-","-","0","0"
"638","Fred Brown","WR","FA","-","-","-","-","-","-","-","0","-","-","-","-","-","-","-","-","-","0","0"
"638","Chris Moore","WR","TEN","-","-","-","BYE","-","-","-","0","-","-","-","-","-","-","-","0","0","0","0"
"638","Stephen Sullivan","TE","CAR","-","-","-","-","-","-","-","0","-","-","-","-","BYE","-","-","-","-","0","0"
"638","Deon Cain","WR","PHI","-","-","-","-","-","0","-","-","BYE","-","-","-","-","-","-","-","0","0","0"
"638","Hakeem Butler","WR","PIT","-","-","-","BYE","-","0","0","-","-","-","-","-","-","-","-","-","-","0","0"
"638","Brandin Bryant","RB","NYG","-","-","-","-","-","-","-","0","-","-","BYE","-","-","-","-","-","-","0","0"
"638","Alex Bachman","WR","HOU","-","-","-","-","-","-","0","BYE","-","-","-","-","-","-","-","-","-","0","0"
"638","Reggie Begelton","WR","FA","-","-","-","0","-","-","-","-","-","-","-","-","-","-","-","-","-","0","0"
"638","Garrett Griffin","TE","FA","-","-","-","0","0","-","-","-","-","-","0","-","-","-","-","-","0","0","0"
"638","Deante Burton","WR","FA","-","-","0","-","-","-","-","-","-","-","-","0","0","0","-","-","-","0","0"
"638","Raymond Calais","RB","FA","-","-","0","0","-","-","0","-","-","-","-","-","-","-","-","-","0","0","0"
"638","Cyril Grayson Jr.","WR","FA","-","0","-","-","0","0","-","-","-","-","-","-","-","-","-","-","-","0","0"
"638","Elijah Holyfield","RB","FA","-","-","-","-","-","-","-","-","-","-","0","-","-","-","-","-","-","0","0"
"638","Johnny Stanton IV","RB","FA","-","-","-","-","-","-","-","-","-","-","0","-","-","-","-","-","-","0","0"
"638","Kyle Nelson","TE","FA","0","0","0","-","-","-","-","-","-","-","-","-","-","-","-","-","-","0","0"
"638","Mike White","QB","MIA","-","-","-","-","-","-","BYE","-","-","-","0","-","-","-","-","-","-","0","0"
"638","Taiwan Jones","RB","FA","0","0","0","0","0","0","0","0","-","-","-","0","0","0","0","0","-","0","0"
"638","Kenjon Barner","RB","FA","-","-","0","0","-","-","-","-","-","-","0","-","-","0","0","0","-","0","0"
"638","Kristian Wilkerson","WR","LV","-","-","-","-","-","BYE","-","-","0","-","-","-","-","-","-","-","-","0","0"
"638","Stanley Morgan Jr.","WR","CIN","-","-","-","-","-","-","-","-","BYE","0","-","-","0","0","0","0","0","0","0"
"638","Juwann Winfree","WR","IND","-","-","-","-","-","-","BYE","-","-","0","-","-","-","0","-","-","-","0","0"
"638","Caleb Wilson","TE","FA","-","-","-","-","-","-","-","-","-","0","0","0","-","-","-","0","0","0","0"
"638","Mason Schreck","TE","HOU","-","-","0","0","0","0","0","0","-","0","0","0","0","0","0","0","0","0","0"
"638","Tyler Davis","TE","GB","-","-","0","0","0","0","-","-","0","0","-","-","-","-","0","-","0","0","0"
"638","Chris Myarick","TE","NYG","-","-","-","-","-","-","-","-","-","0","BYE","-","-","0","0","-","-","0","0"
"638","Zach Gentry","TE","PIT","-","-","-","BYE","-","-","-","-","-","0","0","-","-","-","-","-","-","0","0"
"638","Matt Cole","WR","FA","-","-","-","-","-","-","-","-","-","-","-","-","-","-","-","-","0","0","0"
"719","Easton Stick","QB","LAC","-","-","-","-","-","BYE","0","-","-","-","-","-","-","-","-","-","-","0","-0"
"720","DeAndre Carter","WR","LV","1.8","0","0","-2","0","0","0","-","0","0","-","0","0","-","-","0","0","0","-0.2"
"721","Matt Schaub","QB","FA","-","-","-","-","-","-","-","-","-","-","-","-0.4","-","-","-","-","-","-0.4","-0.4"
"722","Nate Sudfeld","QB","DET","-","-","-","-","BYE","-","-","-","-","-","-","-","-","-","-","-","-0.5","-0.5","-0.5"
"723","Dede Westbrook","WR","FA","-","-","1.4","-","-","-","-2","-","-","-","-","-","-","-","-","-","-","-0.3","-0.6"
"724","Kendall Hinton","WR","DEN","-","-","-","-","BYE","-","-","-","-","-","-","-0.8","-","-","-","-","-","-0.8","-0.8"
"725","Tim Boyle","QB","NYJ","-0.2","-0.1","-","-0.1","-","0","-0.1","-","-0.1","BYE","-","0","-","-","-","-0.3","-","-0.1","-0.9"
"726","Dwayne Harris","WR","FA","-","-","-","-","-","-","-","0","0","-2","-","-","-","-","-","-","-","-0.7","-2"
"726","Nsimba Webster","WR","CHI","0","0","0","0","0","0","0","0","-","0","0","0","-2","0","0","0","0","-0.1","-2"
"728","Ty Long","K","FA","0","0","0","0","0","-","0","0","0","0","-2.8","0","0","0","0","0","0","-0.2","-2.8"
""
""